#,RA,Dec,image_nb,ccd,X,Y,CaHK_uncalib,d_CaHK,flag,Xg,Yg,run,FOV_corr,CaHK_calib
250.89362083,44.57723056,2654,1,1965.22,2302.29,19.438,0.001,-1,82.8,2302.3,,17Am05,,
250.89334167,44.57718333,2654,1,1961.01,2303.33,19.448,0.001,-1,87.0,2303.3,,17Am05,,
250.8944,44.48095556,2654,1,1968.97,4179.88,21.318,0.001,-9,79.0,4179.9,,17Am05,,
250.8401375,44.52576389,2654,1,1213.61,3315.49,21.344,0.001,-9,834.4,3315.5,,17Am05,,
250.85612083,44.68892778,2654,1,1453.81,119.78,21.828,0.002,-1,594.2,119.8,,17Am05,,
250.80076667,44.59180556,2654,1,670.35,2032.99,21.997,0.002,-9,1377.7,2033.0,,17Am05,,
250.78564583,44.51328611,2654,1,452.94,3565.98,22.341,0.002,-1,1595.1,3566.0,,17Am05,,
250.8667625,44.47175278,2654,1,1582.28,4362.97,23.265,0.003,0,465.7,4363.0,,17Am05,,
250.87832083,44.48699167,2654,1,1744.23,4064.79,23.319,0.003,-1,303.8,4064.8,,17Am05,,
250.88435833,44.66624167,2654,1,1845.58,559.92,23.341,0.003,-1,202.4,559.9,,17Am05,,
250.80615417,44.61953611,2654,1,748.2,1490.07,23.421,0.003,0,1299.8,1490.1,,17Am05,,
250.805925,44.61943611,2654,1,745.15,1491.98,23.527,0.004,0,1302.8,1492.0,,17Am05,,
250.89306667,44.45913333,2654,1,1949.21,4604.68,23.959,0.005,-1,98.8,4604.7,,17Am05,,
250.80017917,44.55786944,2654,1,659.23,2695.58,23.986,0.005,-1,1388.8,2695.6,,17Am05,,
250.7717625,44.61651111,2654,1,268.89,1554.49,24.0,0.005,-1,1779.1,1554.5,,17Am05,,
250.81717083,44.52618611,2654,1,893.53,3310.62,24.342,0.005,-1,1154.5,3310.6,,17Am05,,
250.8965,44.47950833,2654,1,1998.33,4207.71,24.387,0.006,-1,49.7,4207.7,,17Am05,,
250.88411667,44.65328611,2654,1,1840.5,814.4,24.387,0.006,-1,207.5,814.4,,17Am05,,
250.7849125,44.52067222,2654,1,443.58,3422.38,24.4,0.006,-1,1604.4,3422.4,,17Am05,,
250.853875,44.57565556,2654,1,1409.54,2339.96,24.524,0.006,-1,638.5,2340.0,,17Am05,,
250.8880375,44.49736667,2654,1,1880.83,3861.42,24.719,0.007,-1,167.2,3861.4,,17Am05,,
250.8521,44.46574167,2654,1,1377.02,4481.96,24.829,0.007,0,671.0,4482.0,,17Am05,,
250.8359375,44.47783333,2654,1,1151.85,4248.94,24.832,0.007,0,896.2,4248.9,,17Am05,,
250.7622875,44.49885556,2654,1,126.83,3849.62,24.848,0.007,0,1921.2,3849.6,,17Am05,,
250.81525,44.60508611,2654,1,873.47,1771.19,24.881,0.007,-1,1174.5,1771.2,,17Am05,,
250.80787917,44.46472778,2654,1,759.82,4507.36,24.894,0.007,0,1288.2,4507.4,,17Am05,,
250.8796375,44.47226667,2654,1,1762.18,4351.18,24.946,0.007,0,285.8,4351.2,,17Am05,,
250.87155,44.62513333,2654,1,1661.5,1368.87,25.033,0.008,-1,386.5,1368.9,,17Am05,,
250.83979583,44.631775,2654,1,1218.55,1244.61,25.042,0.008,0,829.4,1244.6,,17Am05,,
250.87487083,44.58616389,2654,1,1703.64,2131.04,25.066,0.008,0,344.4,2131.0,,17Am05,,
250.75955417,44.524975,2654,1,90.68,3341.8,25.084,0.008,-1,1957.3,3341.8,,17Am05,,
250.82627083,44.55786944,2654,1,1022.91,2691.66,25.097,0.008,0,1025.1,2691.7,,17Am05,,
250.89555833,44.62649722,2654,1,1997.04,1337.58,25.136,0.008,-1,51.0,1337.6,,17Am05,,
250.79069167,44.50601111,2654,1,522.83,3706.93,25.217,0.008,0,1525.2,3706.9,,17Am05,,
250.7952,44.510075,2654,1,585.9,3627.23,25.222,0.009,0,1462.1,3627.2,,17Am05,,
250.84824167,44.59004444,2654,1,1332.34,2059.74,25.258,0.009,-1,715.7,2059.7,,17Am05,,
250.8799625,44.50885556,2654,1,1768.84,3638.86,25.268,0.009,0,279.2,3638.9,,17Am05,,
250.75338333,44.63885,2654,1,15.94,1120.19,25.304,0.009,0,2032.1,1120.2,,17Am05,,
250.8508625,44.65846667,2654,1,1376.18,719.21,25.337,0.009,0,671.8,719.2,,17Am05,,
250.7560375,44.49510833,2654,1,39.93,3923.14,25.338,0.009,0,2008.1,3923.1,,17Am05,,
250.78514167,44.67349444,2654,1,461.9,436.11,25.371,0.009,0,1586.1,436.1,,17Am05,,
250.82194167,44.68863333,2654,1,976.74,132.27,25.426,0.009,0,1071.3,132.3,,17Am05,,
250.83072917,44.67608056,2654,1,1097.79,377.18,25.441,0.009,0,950.2,377.2,,17Am05,,
250.79614167,44.62496111,2654,1,609.48,1385.42,25.446,0.01,-1,1438.5,1385.4,,17Am05,,
250.8203125,44.62493889,2654,1,946.06,1381.83,25.447,0.01,0,1101.9,1381.8,,17Am05,,
250.77566667,44.64290278,2654,1,326.2,1037.4,25.45,0.01,0,1721.8,1037.4,,17Am05,,
250.80799167,44.56269167,2654,1,768.52,2600.31,25.48,0.01,-1,1279.5,2600.3,,17Am05,,
250.83919167,44.66237778,2654,1,1213.83,644.59,25.496,0.01,-1,834.2,644.6,,17Am05,,
250.82189167,44.65868056,2654,1,972.11,720.39,25.521,0.01,0,1075.9,720.4,,17Am05,,
250.77734167,44.49380556,2654,1,336.38,3945.93,25.544,0.01,0,1711.6,3945.9,,17Am05,,
250.78255,44.47522222,2654,1,407.54,4306.51,25.552,0.01,-1,1640.5,4306.5,,17Am05,,
250.78497917,44.57847222,2654,1,449.14,2295.75,25.56,0.01,-1,1598.9,2295.8,,17Am05,,
250.80120417,44.5047,2654,1,669.27,3731.09,25.561,0.01,0,1378.7,3731.1,,17Am05,,
250.85800833,44.60766389,2654,1,1470.3,1713.47,25.601,0.01,0,577.7,1713.5,,17Am05,,
250.83177083,44.48533056,2654,1,1094.32,4103.73,25.655,0.011,0,953.7,4103.7,,17Am05,,
250.75822083,44.48493889,2654,1,69.69,4120.5,25.673,0.011,0,1978.3,4120.5,,17Am05,,
250.80957083,44.58149722,2654,1,791.94,2233.0,25.684,0.011,0,1256.1,2233.0,,17Am05,,
250.79809583,44.46616389,2654,1,623.58,4480.62,25.701,0.011,0,1424.4,4480.6,,17Am05,,
250.8477875,44.63174444,2654,1,1330.27,1243.85,25.717,0.011,0,717.7,1243.8,,17Am05,,
250.77498333,44.52003889,2654,1,305.09,3435.97,25.735,0.011,0,1742.9,3436.0,,17Am05,,
250.87775,44.666275,2654,1,1753.14,560.63,25.736,0.011,0,294.9,560.6,,17Am05,,
250.7762375,44.47053333,2654,1,319.4,4398.26,25.836,0.012,0,1728.6,4398.3,,17Am05,,
250.76176667,44.515125,2654,1,120.74,3533.11,25.841,0.012,0,1927.3,3533.1,,17Am05,,
250.83602083,44.60298056,2654,1,1162.82,1808.8,25.858,0.012,0,885.2,1808.8,,17Am05,,
250.82194167,44.65849722,2654,1,972.85,724.01,25.864,0.012,0,1075.2,724.0,,17Am05,,
250.81409583,44.52949722,2654,1,850.74,3246.58,25.902,0.012,0,1197.3,3246.6,,17Am05,,
250.76531667,44.48046389,2654,1,167.87,4206.61,25.914,0.012,-1,1880.1,4206.6,,17Am05,,
250.753875,44.53956667,2654,1,12.77,3058.4,25.917,0.012,0,2035.2,3058.4,,17Am05,,
250.8373875,44.461275,2654,1,1171.21,4570.62,25.931,0.012,0,876.8,4570.6,,17Am05,,
250.78815,44.50710556,2654,1,487.52,3685.96,25.949,0.013,-1,1560.5,3686.0,,17Am05,,
250.81162083,44.55578056,2654,1,818.19,2734.57,25.953,0.013,0,1229.8,2734.6,,17Am05,,
250.87705,44.61923611,2654,1,1737.59,1483.37,25.957,0.013,0,310.4,1483.4,,17Am05,,
250.8136375,44.55159722,2654,1,846.02,2815.84,25.969,0.013,0,1202.0,2815.8,,17Am05,,
250.76945,44.49911111,2654,1,226.83,3843.69,25.972,0.013,-1,1821.2,3843.7,,17Am05,,
250.87680833,44.54516944,2654,1,1727.14,2931.31,25.993,0.013,-1,320.9,2931.3,,17Am05,,
250.76429167,44.59938056,2654,1,163.34,1890.46,25.997,0.013,0,1884.7,1890.5,,17Am05,,
250.88741667,44.57348056,2654,1,1877.76,2376.68,25.999,0.013,0,170.2,2376.7,,17Am05,,
250.82247917,44.55864444,2654,1,970.02,2677.07,26.004,0.013,0,1078.0,2677.1,,17Am05,,
250.77665833,44.69201944,2654,1,346.38,73.79,26.006,0.013,0,1701.6,73.8,,17Am05,,
250.78256667,44.61354722,2654,1,419.16,1610.89,26.009,0.013,-1,1628.8,1610.9,,17Am05,,
250.79130833,44.64637222,2654,1,544.57,966.94,26.018,0.013,0,1503.4,966.9,,17Am05,,
250.83125,44.676275,2654,1,1105.06,373.27,26.036,0.013,0,942.9,373.3,,17Am05,,
250.81397917,44.69223611,2654,1,866.36,62.92,26.037,0.013,0,1181.6,62.9,,17Am05,,
250.7557125,44.63934444,2654,1,48.3,1110.13,26.063,0.013,0,1999.7,1110.1,,17Am05,,
250.75327083,44.53890556,2654,1,4.36,3071.32,26.067,0.013,0,2043.6,3071.3,,17Am05,,
250.83035417,44.60352778,2654,1,1083.98,1799.08,26.068,0.013,0,964.0,1799.1,,17Am05,,
250.75304167,44.56145278,2654,1,3.22,2632.08,26.068,0.013,0,2044.8,2632.1,,17Am05,,
250.8889,44.62731389,2654,1,1904.27,1322.91,26.073,0.013,-1,143.7,1322.9,,17Am05,,
250.85418333,44.64253333,2654,1,1420.79,1031.09,26.075,0.013,0,627.2,1031.1,,17Am05,,
250.76237083,44.51497778,2654,1,129.09,3536.0,26.147,0.014,0,1918.9,3536.0,,17Am05,,
250.89122917,44.53656111,2654,1,1928.18,3096.87,26.157,0.014,0,119.8,3096.9,,17Am05,,
250.8106125,44.54323333,2654,1,803.06,2979.35,26.161,0.014,0,1244.9,2979.4,,17Am05,,
250.882375,44.51821111,2654,1,1803.07,3456.12,26.161,0.014,0,244.9,3456.1,,17Am05,,
250.81370417,44.5155,2654,1,844.01,3519.22,26.169,0.014,0,1204.0,3519.2,,17Am05,,
250.80822083,44.57585,2654,1,772.75,2343.4,26.184,0.014,0,1275.2,2343.4,,17Am05,,
250.83870417,44.61700556,2654,1,1202.04,1533.98,26.185,0.014,0,846.0,1534.0,,17Am05,,
250.769875,44.49628056,2654,1,232.35,3898.67,26.201,0.015,0,1815.7,3898.7,,17Am05,,
250.83888333,44.47754722,2654,1,1193.02,4254.16,26.214,0.015,0,855.0,4254.2,,17Am05,,
250.77905417,44.51183889,2654,1,361.17,3594.98,26.22,0.015,0,1686.8,3595.0,,17Am05,,
250.8276375,44.49750833,2654,1,1037.5,3867.42,26.234,0.015,0,1010.5,3867.4,,17Am05,,
250.83338333,44.66085,2654,1,1132.82,675.71,26.261,0.015,0,915.2,675.7,,17Am05,,
250.77207083,44.64971667,2654,1,276.8,904.48,26.272,0.015,-1,1771.2,904.5,,17Am05,,
250.75470417,44.51116389,2654,1,22.41,3611.08,26.274,0.015,0,2025.6,3611.1,,17Am05,,
250.78557917,44.69291667,2654,1,470.52,54.65,26.279,0.015,0,1577.5,54.7,,17Am05,,
250.80965,44.67345556,2654,1,803.32,432.65,26.28,0.015,0,1244.7,432.6,,17Am05,,
250.86857083,44.6424,2654,1,1621.88,1031.04,26.28,0.015,0,426.1,1031.0,,17Am05,,
250.80890417,44.48415,2654,1,775.36,4129.74,26.284,0.015,0,1272.6,4129.7,,17Am05,,
250.77202083,44.47422778,2654,1,261.04,4327.08,26.297,0.015,0,1787.0,4327.1,,17Am05,,
250.84900833,44.64586389,2654,1,1349.09,966.79,26.325,0.016,0,698.9,966.8,,17Am05,,
250.8234375,44.67295,2654,1,995.63,440.05,26.329,0.016,0,1052.4,440.0,,17Am05,,
250.86717083,44.63212222,2654,1,1600.83,1232.79,26.339,0.016,0,447.2,1232.8,,17Am05,,
250.770525,44.64633611,2654,1,255.12,970.92,26.343,0.016,0,1792.9,970.9,,17Am05,,
250.86736667,44.63269167,2654,1,1603.95,1221.66,26.348,0.016,0,444.1,1221.7,,17Am05,,
250.84366667,44.46240556,2654,1,1258.98,4547.86,26.361,0.016,0,789.0,4547.9,,17Am05,,
250.8651375,44.609575,2654,1,1570.1,1674.78,26.363,0.016,0,477.9,1674.8,,17Am05,,
250.8713875,44.60770833,2654,1,1657.31,1710.24,26.369,0.016,0,390.7,1710.2,,17Am05,,
250.83885,44.47773889,2654,1,1192.64,4250.51,26.377,0.016,0,855.4,4250.5,,17Am05,,
250.7799625,44.64769167,2654,1,386.47,942.91,26.386,0.016,0,1661.5,942.9,,17Am05,,
250.78772917,44.652075,2654,1,495.4,855.75,26.387,0.016,0,1552.6,855.8,,17Am05,,
250.84497083,44.46224444,2654,1,1277.28,4550.9,26.395,0.016,0,770.7,4550.9,,17Am05,,
250.84007083,44.52643611,2654,1,1212.9,3302.4,26.395,0.016,0,835.1,3302.4,,17Am05,,
250.8349125,44.66546111,2654,1,1154.74,584.99,26.405,0.016,0,893.3,585.0,,17Am05,,
250.80470417,44.62675278,2654,1,728.82,1349.08,26.408,0.016,0,1319.2,1349.1,,17Am05,,
250.75379167,44.54326944,2654,1,11.93,2986.36,26.417,0.017,0,2036.1,2986.4,,17Am05,,
250.7924625,44.52761667,2654,1,549.1,3286.07,26.433,0.017,0,1498.9,3286.1,,17Am05,,
250.81425833,44.52357778,2654,1,852.59,3361.83,26.45,0.017,0,1195.4,3361.8,,17Am05,,
250.7799,44.51173611,2654,1,372.95,3596.91,26.458,0.017,0,1675.1,3596.9,,17Am05,,
250.78142917,44.61714722,2654,1,403.57,1540.53,26.469,0.017,0,1644.4,1540.5,,17Am05,,
250.82342083,44.59720556,2654,1,986.56,1923.95,26.49,0.017,0,1061.4,1923.9,,17Am05,,
250.8168125,44.58235556,2654,1,892.93,2215.11,26.506,0.017,0,1155.1,2215.1,,17Am05,,
250.84734583,44.47684444,2654,1,1311.21,4266.68,26.512,0.018,0,736.8,4266.7,,17Am05,,
250.89550833,44.59318056,2654,1,1993.12,1989.96,26.514,0.017,-1,54.9,1990.0,,17Am05,,
250.86388333,44.473675,2654,1,1541.91,4326.0,26.522,0.018,0,506.1,4326.0,,17Am05,,
250.824625,44.51645833,2654,1,996.46,3498.98,26.524,0.018,0,1051.5,3499.0,,17Am05,,
250.75940833,44.59473056,2654,1,94.85,1981.92,26.546,0.018,0,1953.2,1981.9,,17Am05,,
250.83417917,44.55320833,2654,1,1132.65,2781.41,26.553,0.018,0,915.3,2781.4,,17Am05,,
250.84874583,44.67571667,2654,1,1349.02,380.93,26.57,0.018,0,699.0,380.9,,17Am05,,
250.79295417,44.611475,2654,1,563.51,1649.74,26.582,0.018,0,1484.5,1649.7,,17Am05,,
250.79112917,44.47276111,2654,1,526.88,4353.27,26.602,0.019,0,1521.1,4353.3,,17Am05,,
250.860675,44.50630556,2654,1,1499.13,3691.39,26.604,0.019,-1,548.9,3691.4,,17Am05,,
250.84921667,44.64566944,2654,1,1351.73,970.64,26.619,0.019,0,696.3,970.6,,17Am05,,
250.8602875,44.48736667,2654,1,1492.26,4060.22,26.624,0.019,-1,555.7,4060.2,,17Am05,,
250.89376667,44.6093,2654,1,1970.31,1674.84,26.627,0.019,0,77.7,1674.8,,17Am05,,
250.77525833,44.51940556,2654,1,308.85,3448.26,26.627,0.019,0,1739.2,3448.3,,17Am05,,
250.82282083,44.58889444,2654,1,977.36,2086.52,26.638,0.019,0,1070.6,2086.5,,17Am05,,
250.8181,44.64848056,2654,1,917.91,921.07,26.642,0.019,0,1130.1,921.1,,17Am05,,
250.81046667,44.542425,2654,1,801.09,2995.18,26.652,0.019,0,1246.9,2995.2,,17Am05,,
250.84340833,44.49340278,2654,1,1257.22,3945.1,26.656,0.019,0,790.8,3945.1,,17Am05,,
250.85665833,44.52094167,2654,1,1444.02,3406.95,26.659,0.019,0,604.0,3406.9,,17Am05,,
250.8162125,44.57317222,2654,1,883.7,2394.56,26.663,0.019,0,1164.3,2394.6,,17Am05,,
250.78014167,44.66156111,2654,1,390.79,671.0,26.665,0.019,0,1657.2,671.0,,17Am05,,
250.7970375,44.51061667,2654,1,611.43,3616.45,26.666,0.019,0,1436.6,3616.4,,17Am05,,
250.84080417,44.52624444,2654,1,1222.79,3306.02,26.666,0.019,0,825.2,3306.0,,17Am05,,
250.786425,44.513,2654,1,463.96,3571.42,26.668,0.019,0,1584.0,3571.4,,17Am05,,
250.7602375,44.613,2654,1,108.11,1624.93,26.672,0.019,0,1939.9,1624.9,,17Am05,,
250.7577625,44.54341667,2654,1,67.42,2982.94,26.676,0.019,0,1980.6,2982.9,,17Am05,,
250.87977083,44.57256944,2654,1,1770.72,2395.8,26.677,0.019,0,277.3,2395.8,,17Am05,,
250.8605125,44.56245278,2654,1,1501.07,2596.68,26.681,0.019,0,546.9,2596.7,,17Am05,,
250.77525833,44.69181944,2654,1,326.58,77.94,26.693,0.019,0,1721.4,77.9,,17Am05,,
250.75330417,44.53912222,2654,1,5.14,3067.1,26.705,0.02,0,2042.9,3067.1,,17Am05,,
250.88235833,44.48978333,2654,1,1800.92,4009.89,26.713,0.02,-1,247.1,4009.9,,17Am05,,
250.80779583,44.57641389,2654,1,766.71,2332.46,26.72,0.02,0,1281.3,2332.5,,17Am05,,
250.88268333,44.67618611,2654,1,1823.2,365.0,26.724,0.02,0,224.8,365.0,,17Am05,,
250.80644583,44.500425,2654,1,742.09,3813.48,26.725,0.02,0,1305.9,3813.5,,17Am05,,
250.81279167,44.59498333,2654,1,838.18,1969.03,26.727,0.02,0,1209.8,1969.0,,17Am05,,
250.8178375,44.54599722,2654,1,904.21,2924.4,26.727,0.02,0,1143.8,2924.4,,17Am05,,
250.87843333,44.62881111,2654,1,1758.14,1295.62,26.733,0.02,0,289.9,1295.6,,17Am05,,
250.7724625,44.67188056,2654,1,285.21,469.93,26.739,0.02,0,1762.8,469.9,,17Am05,,
250.7535,44.54307778,2654,1,8.12,2990.09,26.742,0.02,0,2039.9,2990.1,,17Am05,,
250.78883333,44.62841944,2654,1,507.89,1318.98,26.761,0.02,0,1540.1,1319.0,,17Am05,,
250.84702083,44.64684444,2654,1,1321.36,948.03,26.762,0.02,0,726.6,948.0,,17Am05,,
250.80416667,44.62701389,2654,1,721.23,1344.0,26.763,0.02,0,1326.8,1344.0,,17Am05,,
250.81764167,44.49117222,2654,1,897.28,3992.02,26.77,0.021,0,1150.7,3992.0,,17Am05,,
250.8710625,44.50552222,2654,1,1644.13,3705.16,26.773,0.021,0,403.9,3705.2,,17Am05,,
250.7997875,44.63192222,2654,1,660.88,1248.59,26.774,0.021,0,1387.1,1248.6,,17Am05,,
250.81803333,44.49128889,2654,1,903.0,3989.64,26.78,0.021,0,1145.0,3989.6,,17Am05,,
250.8991875,44.502925,2654,1,2037.11,3751.31,26.783,0.021,-1,10.9,3751.3,,17Am05,,
250.80912917,44.67314722,2654,1,796.05,438.72,26.784,0.021,0,1251.9,438.7,,17Am05,,
250.75777917,44.65664444,2654,1,79.2,770.92,26.789,0.021,0,1968.8,770.9,,17Am05,,
250.77021667,44.51932778,2654,1,238.88,3450.35,26.792,0.021,0,1809.1,3450.4,,17Am05,,
250.78937083,44.65173611,2654,1,518.19,862.14,26.798,0.021,0,1529.8,862.1,,17Am05,,
250.88333333,44.54980833,2654,1,1818.8,2839.71,26.803,0.021,0,229.2,2839.7,,17Am05,,
250.81811667,44.47725278,2654,1,903.33,4262.58,26.81,0.021,0,1144.7,4262.6,,17Am05,,
250.89970833,44.4602,2654,1,2042.16,4582.97,26.81,0.021,0,5.8,4583.0,,17Am05,,
250.77130417,44.47461389,2654,1,250.79,4319.66,26.813,0.021,0,1797.2,4319.7,,17Am05,,
250.772625,44.466275,2654,1,268.96,4481.4,26.815,0.021,-1,1779.0,4481.4,,17Am05,,
250.80372917,44.46869722,2654,1,702.14,4430.72,26.824,0.021,0,1345.9,4430.7,,17Am05,,
250.83810417,44.55566389,2654,1,1187.75,2732.8,26.831,0.021,0,860.2,2732.8,,17Am05,,
250.85877083,44.61912778,2654,1,1482.21,1488.98,26.835,0.021,0,565.8,1489.0,,17Am05,,
250.7910625,44.51993611,2654,1,529.13,3435.92,26.836,0.022,0,1518.9,3435.9,,17Am05,,
250.7799625,44.66171944,2654,1,388.15,667.99,26.846,0.022,0,1659.8,668.0,,17Am05,,
250.762075,44.51503333,2654,1,125.29,3534.93,26.853,0.022,0,1922.7,3534.9,,17Am05,,
250.76300417,44.51481667,2654,1,138.2,3539.02,26.856,0.022,0,1909.8,3539.0,,17Am05,,
250.86668333,44.67473889,2654,1,1599.6,396.59,26.856,0.022,0,448.4,396.6,,17Am05,,
250.78678333,44.50999444,2654,1,468.69,3629.91,26.861,0.022,0,1579.3,3629.9,,17Am05,,
250.77309583,44.631675,2654,1,289.18,1257.66,26.869,0.022,-1,1758.8,1257.7,,17Am05,,
250.82685417,44.60888333,2654,1,1035.76,1694.96,26.872,0.022,0,1012.2,1695.0,,17Am05,,
250.8839375,44.67172222,2654,1,1840.19,452.41,26.884,0.022,0,207.8,452.4,,17Am05,,
250.7630375,44.53525556,2654,1,140.11,3141.26,26.9,0.022,0,1907.9,3141.3,,17Am05,,
250.75481667,44.69003333,2654,1,41.96,116.39,26.901,0.022,-1,2006.0,116.4,,17Am05,,
250.8324375,44.601775,2654,1,1112.77,1833.1,26.903,0.022,0,935.2,1833.1,,17Am05,,
250.858625,44.466775,2654,1,1468.28,4460.9,26.923,0.023,0,579.7,4460.9,,17Am05,,
250.82889167,44.56297222,2654,1,1059.55,2591.63,26.942,0.023,0,988.4,2591.6,,17Am05,,
250.81712083,44.62160278,2654,1,901.12,1447.81,26.976,0.023,0,1146.9,1447.8,,17Am05,,
250.86745,44.52321944,2654,1,1594.92,3360.85,26.981,0.024,0,453.1,3360.9,,17Am05,,
250.83430833,44.462175,2654,1,1128.55,4553.62,26.984,0.024,0,919.4,4553.6,,17Am05,,
250.80957083,44.67972778,2654,1,802.99,309.54,26.989,0.024,0,1245.0,309.5,,17Am05,,
250.7912125,44.47333889,2654,1,528.05,4342.08,26.992,0.024,0,1519.9,4342.1,,17Am05,,
250.81085417,44.53550833,2654,1,805.88,3129.87,26.995,0.024,0,1242.1,3129.9,,17Am05,,
250.7799,44.65656667,2654,1,386.76,768.95,26.999,0.024,0,1661.2,769.0,,17Am05,,
250.79039583,44.66054722,2654,1,533.71,689.25,27.008,0.024,0,1514.3,689.2,,17Am05,,
250.776125,44.52042222,2654,1,321.09,3428.36,27.019,0.024,0,1726.9,3428.4,,17Am05,,
250.86219167,44.60647222,2654,1,1528.56,1736.04,27.036,0.024,0,519.4,1736.0,,17Am05,,
250.86092083,44.67411389,2654,1,1518.98,410.01,27.036,0.024,0,529.0,410.0,,17Am05,,
250.7945625,44.59610278,2654,1,584.38,1950.04,27.036,0.024,0,1463.6,1950.0,,17Am05,,
250.85895,44.57861667,2654,1,1480.78,2281.29,27.039,0.024,0,567.2,2281.3,,17Am05,,
250.76531667,44.58300833,2654,1,175.8,2209.96,27.046,0.025,0,1872.2,2210.0,,17Am05,,
250.79235,44.61125556,2654,1,555.11,1654.11,27.05,0.025,0,1492.9,1654.1,,17Am05,,
250.82565,44.66200833,2654,1,1025.1,654.43,27.057,0.025,0,1022.9,654.4,,17Am05,,
250.83605,44.47966667,2654,1,1153.86,4213.37,27.066,0.025,0,894.1,4213.4,,17Am05,,
250.89594583,44.46073889,2654,1,1989.8,4573.01,27.069,0.025,0,58.2,4573.0,,17Am05,,
250.860125,44.60768611,2654,1,1499.68,1712.61,27.075,0.025,0,548.3,1712.6,,17Am05,,
250.82609167,44.60424444,2654,1,1024.61,1785.84,27.075,0.025,0,1023.4,1785.8,,17Am05,,
250.878825,44.66702778,2654,1,1768.14,545.63,27.075,0.025,0,279.9,545.6,,17Am05,,
250.803875,44.6117,2654,1,715.77,1643.6,27.083,0.025,0,1332.2,1643.6,,17Am05,,
250.79516667,44.59755278,2654,1,592.9,1921.58,27.09,0.025,0,1455.1,1921.6,,17Am05,,
250.7991875,44.560325,2654,1,645.36,2647.71,27.091,0.025,-1,1402.6,2647.7,,17Am05,,
250.82366667,44.46405833,2654,1,979.98,4518.37,27.095,0.026,0,1068.0,4518.4,,17Am05,,
250.76280833,44.51486944,2654,1,135.16,3538.02,27.096,0.026,0,1912.8,3538.0,,17Am05,,
250.83842917,44.49094167,2654,1,1187.29,3993.7,27.099,0.026,0,860.7,3993.7,,17Am05,,
250.8076,44.46395278,2654,1,755.97,4522.34,27.112,0.026,0,1292.0,4522.3,,17Am05,,
250.89157083,44.48795556,2654,1,1929.97,4044.1,27.118,0.026,0,118.0,4044.1,,17Am05,,
250.76531667,44.65921944,2654,1,184.03,719.39,27.119,0.026,0,1864.0,719.4,,17Am05,,
250.7798,44.54704444,2654,1,374.12,2909.36,27.121,0.026,0,1673.9,2909.4,,17Am05,,
250.81321667,44.49074167,2654,1,835.92,4001.01,27.125,0.026,0,1212.1,4001.0,,17Am05,,
250.782,44.65587778,2654,1,415.97,782.22,27.125,0.026,0,1632.0,782.2,,17Am05,,
250.89944583,44.49792222,2654,1,2040.63,3848.74,27.13,0.026,0,7.4,3848.7,,17Am05,,
250.87646667,44.53654444,2654,1,1721.89,3099.67,27.138,0.026,0,326.1,3099.7,,17Am05,,
250.77566667,44.60005556,2654,1,321.56,1875.59,27.144,0.026,0,1726.4,1875.6,,17Am05,,
250.840575,44.52630278,2654,1,1219.75,3304.92,27.145,0.026,0,828.2,3304.9,,17Am05,,
250.82889167,44.52212778,2654,1,1056.3,3388.01,27.159,0.027,0,991.7,3388.0,,17Am05,,
250.81946667,44.51223056,2654,1,924.16,3581.98,27.164,0.027,0,1123.8,3582.0,,17Am05,,
250.80590833,44.53476667,2654,1,736.91,3145.05,27.172,0.027,-1,1311.1,3145.1,,17Am05,,
250.86634167,44.57256944,2654,1,1583.26,2398.2,27.176,0.027,0,464.7,2398.2,,17Am05,,
250.84889167,44.63735278,2654,1,1346.17,1133.73,27.177,0.027,1,701.8,1133.7,,17Am05,,
250.80927917,44.61768333,2654,1,791.79,1525.65,27.18,0.027,0,1256.2,1525.7,,17Am05,,
250.832,44.60146389,2654,1,1106.64,1839.29,27.182,0.027,0,941.4,1839.3,,17Am05,,
250.83245417,44.66663333,2654,1,1120.59,562.37,27.187,0.027,0,927.4,562.4,,17Am05,,
250.82915,44.48754722,2654,1,1057.86,4060.98,27.188,0.027,0,990.1,4061.0,,17Am05,,
250.81675,44.64134444,2654,1,898.41,1061.17,27.189,0.027,0,1149.6,1061.2,,17Am05,,
250.88709167,44.48501667,2654,1,1867.14,4101.93,27.19,0.027,0,180.9,4101.9,,17Am05,,
250.87232917,44.53953056,2654,1,1664.08,3042.05,27.191,0.027,0,383.9,3042.1,,17Am05,,
250.8855625,44.67415278,2654,1,1863.43,404.3,27.192,0.027,-1,184.6,404.3,,17Am05,,
250.89824167,44.59914444,2654,1,2031.94,1872.79,27.201,0.027,0,16.1,1872.8,,17Am05,,
250.79405833,44.66787222,2654,1,585.24,544.86,27.206,0.027,0,1462.8,544.9,,17Am05,,
250.78686667,44.65027222,2654,1,483.01,891.2,27.212,0.027,0,1565.0,891.2,,17Am05,,
250.81860417,44.47784722,2654,1,910.22,4251.04,27.212,0.028,0,1137.8,4251.0,,17Am05,,
250.75929167,44.63983611,2654,1,98.14,1100.0,27.215,0.027,0,1949.9,1100.0,,17Am05,,
250.869825,44.54375833,2654,1,1629.29,2959.98,27.218,0.028,0,418.7,2960.0,,17Am05,,
250.80574583,44.51919722,2654,1,733.46,3448.26,27.221,0.028,-1,1314.5,3448.3,,17Am05,,
250.7921875,44.49483611,2654,1,543.03,3924.16,27.229,0.028,0,1505.0,3924.2,,17Am05,,
250.87335417,44.68381111,2654,1,1693.98,216.9,27.229,0.028,0,354.0,216.9,,17Am05,,
250.81397917,44.57340278,2654,1,852.87,2390.35,27.23,0.028,0,1195.1,2390.4,,17Am05,,
250.855275,44.61625,2654,1,1433.06,1545.89,27.233,0.028,0,614.9,1545.9,,17Am05,,
250.84381667,44.463425,2654,1,1260.94,4528.08,27.238,0.028,0,787.1,4528.1,,17Am05,,
250.78929167,44.68986111,2654,1,521.86,113.98,27.245,0.028,0,1526.1,114.0,,17Am05,,
250.78815,44.69089722,2654,1,506.02,93.79,27.248,0.028,0,1542.0,93.8,,17Am05,,
250.76528333,44.55182778,2654,1,172.63,2818.11,27.248,0.028,-1,1875.4,2818.1,,17Am05,,
250.86092083,44.50121111,2654,1,1502.24,3790.59,27.251,0.028,0,545.8,3790.6,,17Am05,,
250.76542917,44.65934444,2654,1,185.95,716.81,27.262,0.028,0,1862.1,716.8,,17Am05,,
250.82024583,44.49202778,2654,1,933.9,3975.1,27.265,0.029,0,1114.1,3975.1,,17Am05,,
250.81090417,44.63357778,2654,1,816.01,1214.38,27.268,0.028,0,1232.0,1214.4,,17Am05,,
250.81162083,44.65250556,2654,1,828.13,843.34,27.268,0.028,0,1219.9,843.3,,17Am05,,
250.88504167,44.49211667,2654,1,1838.88,3964.0,27.272,0.029,0,209.1,3964.0,,17Am05,,
250.81757917,44.49138056,2654,1,896.53,3988.0,27.275,0.029,0,1151.5,3988.0,,17Am05,,
250.86752917,44.67507778,2654,1,1611.48,389.8,27.278,0.029,0,436.5,389.8,,17Am05,,
250.82146667,44.60387222,2654,1,960.19,1793.85,27.281,0.029,0,1087.8,1793.8,,17Am05,,
250.8882,44.585425,2654,1,1889.95,2142.99,27.286,0.029,0,158.1,2143.0,,17Am05,,
250.7762875,44.6401,2654,1,334.62,1092.28,27.288,0.029,0,1713.4,1092.3,,17Am05,,
250.83055,44.66295,2654,1,1093.44,635.02,27.289,0.029,0,954.6,635.0,,17Am05,,
250.84158333,44.64408056,2654,1,1245.14,1003.17,27.292,0.029,0,802.9,1003.2,,17Am05,,
250.87062083,44.50543333,2654,1,1638.02,3706.94,27.294,0.029,0,410.0,3706.9,,17Am05,,
250.78899583,44.62846667,2654,1,510.18,1317.92,27.297,0.029,0,1537.8,1317.9,,17Am05,,
250.85999167,44.48913611,2654,1,1488.54,4025.77,27.298,0.029,0,559.5,4025.8,,17Am05,,
250.789925,44.53310278,2654,1,514.13,3179.67,27.298,0.029,0,1533.9,3179.7,,17Am05,,
250.77680833,44.54621111,2654,1,332.6,2925.98,27.307,0.029,0,1715.4,2926.0,,17Am05,,
250.85944167,44.56238611,2654,1,1485.8,2598.23,27.325,0.03,0,562.2,2598.2,,17Am05,,
250.83185417,44.52893333,2654,1,1098.34,3254.98,27.335,0.03,-1,949.7,3255.0,,17Am05,,
250.8195625,44.54686667,2654,1,928.27,2907.14,27.336,0.03,0,1119.7,2907.1,,17Am05,,
250.81070833,44.62908889,2654,1,812.84,1302.25,27.34,0.03,0,1235.2,1302.2,,17Am05,,
250.8138,44.5228,2654,1,846.06,3376.96,27.34,0.03,0,1201.9,3377.0,,17Am05,,
250.79287083,44.49740833,2654,1,552.71,3873.96,27.345,0.03,0,1495.3,3874.0,,17Am05,,
250.82986667,44.57999167,2654,1,1074.81,2259.24,27.35,0.03,0,973.2,2259.2,,17Am05,,
250.79117917,44.48729722,2654,1,528.48,4070.73,27.353,0.03,0,1519.5,4070.7,,17Am05,,
250.85162917,44.67500833,2654,1,1388.98,394.35,27.362,0.03,0,659.0,394.4,,17Am05,,
250.86704167,44.58009167,2654,1,1593.87,2251.08,27.367,0.03,0,454.1,2251.1,,17Am05,,
250.79448333,44.58475278,2654,1,582.13,2171.74,27.372,0.031,0,1465.9,2171.7,,17Am05,,
250.7951,44.55054722,2654,1,587.83,2839.04,27.372,0.031,0,1460.2,2839.0,,17Am05,,
250.832925,44.52271667,2654,1,1112.75,3375.86,27.373,0.031,0,935.2,3375.9,,17Am05,,
250.77802917,44.46871667,2654,1,344.4,4433.36,27.375,0.031,0,1703.6,4433.4,,17Am05,,
250.83154167,44.68632778,2654,1,1110.2,175.75,27.38,0.031,0,937.8,175.8,,17Am05,,
250.75672083,44.58983611,2654,1,57.13,2077.95,27.38,0.031,0,1990.9,2077.9,,17Am05,,
250.787125,44.50810833,2654,1,473.51,3666.56,27.386,0.031,0,1574.5,3666.6,,17Am05,,
250.85602083,44.65571111,2654,1,1447.94,772.32,27.392,0.031,0,600.1,772.3,,17Am05,,
250.82384583,44.51631111,2654,1,985.78,3502.02,27.392,0.031,0,1062.2,3502.0,,17Am05,,
250.89077083,44.53118056,2654,1,1921.28,3201.97,27.394,0.031,0,126.7,3202.0,,17Am05,,
250.88067917,44.66567778,2654,1,1793.93,571.86,27.397,0.031,0,254.1,571.9,,17Am05,,
250.7981625,44.66722778,2654,1,642.25,556.89,27.399,0.031,0,1405.8,556.9,,17Am05,,
250.77810833,44.602375,2654,1,356.01,1829.92,27.402,0.031,0,1692.0,1829.9,,17Am05,,
250.85285,44.53010833,2654,1,1391.27,3228.86,27.403,0.031,0,656.7,3228.9,,17Am05,,
250.79560417,44.66744722,2654,1,606.88,552.98,27.406,0.031,0,1441.1,553.0,,17Am05,,
250.805975,44.64232778,2654,1,748.1,1043.84,27.414,0.031,0,1299.9,1043.8,,17Am05,,
250.76531667,44.66020833,2654,1,184.15,699.95,27.416,0.032,0,1863.8,700.0,,17Am05,,
250.82573333,44.51961667,2654,1,1012.3,3437.27,27.417,0.032,0,1035.7,3437.3,,17Am05,,
250.8793125,44.65213889,2654,1,1773.13,837.89,27.42,0.031,0,274.9,837.9,,17Am05,,
250.86932083,44.4905,2654,1,1618.79,3997.95,27.428,0.032,0,429.2,3997.9,,17Am05,,
250.831625,44.67633611,2654,1,1110.02,371.99,27.43,0.032,0,938.0,372.0,,17Am05,,
250.7832375,44.66517778,2654,1,434.23,599.59,27.431,0.032,0,1613.8,599.6,,17Am05,,
250.79938333,44.56626389,2654,1,648.55,2531.84,27.437,0.032,0,1399.4,2531.8,,17Am05,,
250.77314583,44.46729167,2654,1,276.24,4461.59,27.44,0.032,0,1771.8,4461.6,,17Am05,,
250.82561667,44.49493611,2654,1,1008.76,3917.76,27.443,0.032,0,1039.2,3917.8,,17Am05,,
250.77757083,44.52073889,2654,1,341.27,3422.02,27.444,0.032,0,1706.7,3422.0,,17Am05,,
250.7681625,44.55284722,2654,1,213.01,2797.85,27.444,0.032,0,1835.0,2797.9,,17Am05,,
250.79847083,44.63527778,2654,1,642.99,1183.15,27.446,0.032,0,1405.0,1183.2,,17Am05,,
250.76884583,44.49467778,2654,1,218.18,3929.94,27.447,0.033,0,1829.8,3929.9,,17Am05,,
250.8683125,44.55258333,2654,1,1609.01,2788.04,27.453,0.032,0,439.0,2788.0,,17Am05,,
250.76779167,44.65355833,2654,1,217.95,829.85,27.454,0.032,0,1830.1,829.8,,17Am05,,
250.78860833,44.48654167,2654,1,492.67,4085.77,27.454,0.033,0,1555.3,4085.8,,17Am05,,
250.84033333,44.57428333,2654,1,1220.27,2368.99,27.456,0.032,0,827.7,2369.0,,17Am05,,
250.8581875,44.46719722,2654,1,1462.19,4452.8,27.465,0.033,0,585.8,4452.8,,17Am05,,
250.8838875,44.65143611,2654,1,1836.83,850.79,27.473,0.033,0,211.2,850.8,,17Am05,,
250.82519583,44.65751667,2654,1,1018.07,742.6,27.474,0.033,0,1029.9,742.6,,17Am05,,
250.80400417,44.62708889,2654,1,718.96,1342.55,27.474,0.033,0,1329.0,1342.6,,17Am05,,
250.755875,44.47468333,2654,1,36.39,4319.98,27.477,0.033,0,2011.6,4320.0,,17Am05,,
250.8426125,44.49632778,2654,1,1245.96,3888.29,27.479,0.033,0,802.0,3888.3,,17Am05,,
250.85524167,44.54459167,2654,1,1425.95,2946.07,27.485,0.033,0,622.1,2946.1,,17Am05,,
250.75530417,44.55037222,2654,1,33.8,2847.66,27.487,0.033,0,2014.2,2847.7,,17Am05,,
250.84335833,44.63706667,2654,1,1269.1,1140.35,27.491,0.033,0,778.9,1140.3,,17Am05,,
250.7532875,44.52835,2654,1,3.92,3276.9,27.499,0.034,0,2044.1,3276.9,,17Am05,,
250.85590833,44.46334167,2654,1,1429.95,4528.04,27.499,0.034,0,618.1,4528.0,,17Am05,,
250.7987625,44.53250833,2654,1,637.0,3190.0,27.501,0.034,0,1411.0,3190.0,,17Am05,,
250.82949167,44.67554167,2654,1,1080.19,388.0,27.504,0.033,0,967.8,388.0,,17Am05,,
250.80927917,44.56058056,2654,1,786.23,2641.27,27.504,0.034,-1,1261.8,2641.3,,17Am05,,
250.898925,44.5771,2654,1,2039.35,2303.86,27.505,0.034,1,8.7,2303.9,,17Am05,,
250.78688333,44.58047222,2654,1,475.96,2256.42,27.513,0.034,0,1572.0,2256.4,,17Am05,,
250.81817917,44.47634167,2654,1,904.04,4280.29,27.513,0.034,-1,1144.0,4280.3,,17Am05,,
250.81533333,44.59798611,2654,1,873.89,1909.99,27.521,0.034,0,1174.1,1910.0,,17Am05,,
250.76899583,44.52819444,2654,1,222.43,3277.93,27.528,0.034,0,1825.6,3277.9,,17Am05,,
250.76108333,44.49243056,2654,1,109.69,3974.66,27.531,0.035,0,1938.3,3974.7,,17Am05,,
250.88741667,44.48608889,2654,1,1871.4,4081.04,27.532,0.034,0,176.6,4081.0,,17Am05,,
250.81014167,44.68181944,2654,1,811.27,268.29,27.533,0.034,0,1236.7,268.3,,17Am05,,
250.768,44.47362778,2654,1,205.11,4339.12,27.547,0.035,0,1842.9,4339.1,,17Am05,,
250.78478333,44.61551667,2654,1,450.18,1572.05,27.548,0.035,0,1597.8,1572.1,,17Am05,,
250.79907083,44.63017222,2654,1,650.78,1282.87,27.548,0.035,0,1397.2,1282.9,,17Am05,,
250.76084167,44.61529444,2654,1,116.72,1579.97,27.55,0.035,0,1931.3,1580.0,,17Am05,,
250.89847083,44.52381944,2654,1,2028.53,3344.17,27.55,0.035,0,19.5,3344.2,,17Am05,,
250.86323333,44.51150278,2654,1,1534.96,3589.87,27.551,0.035,0,513.0,3589.9,,17Am05,,
250.77697083,44.58036111,2654,1,337.89,2260.02,27.552,0.035,0,1710.1,2260.0,,17Am05,,
250.79394583,44.61206944,2654,1,577.27,1637.97,27.56,0.035,0,1470.7,1638.0,,17Am05,,
250.76889583,44.52691389,2654,1,220.81,3302.91,27.561,0.035,0,1827.2,3302.9,,17Am05,,
250.78515833,44.63968333,2654,1,458.19,1098.93,27.562,0.035,0,1589.8,1098.9,,17Am05,,
250.80688333,44.61581111,2654,1,758.08,1562.81,27.564,0.035,0,1289.9,1562.8,,17Am05,,
250.89352083,44.53535556,2654,1,1960.18,3120.0,27.566,0.035,0,87.8,3120.0,,17Am05,,
250.85771667,44.52963889,2654,1,1459.14,3237.28,27.567,0.035,0,588.9,3237.3,,17Am05,,
250.77049167,44.67275556,2654,1,257.94,452.99,27.568,0.035,0,1790.1,453.0,,17Am05,,
250.83354583,44.50031667,2654,1,1120.0,3811.97,27.569,0.035,0,928.0,3812.0,,17Am05,,
250.82221667,44.66626667,2654,1,977.63,571.51,27.572,0.035,0,1070.4,571.5,,17Am05,,
250.81054583,44.48335,2654,1,798.16,4145.04,27.576,0.036,0,1249.8,4145.0,,17Am05,,
250.84591667,44.5057,2654,1,1293.07,3705.42,27.578,0.036,0,754.9,3705.4,,17Am05,,
250.79939583,44.50932778,2654,1,644.46,3641.21,27.58,0.036,0,1403.5,3641.2,,17Am05,,
250.838625,44.58039444,2654,1,1197.2,2249.93,27.582,0.036,0,850.8,2249.9,,17Am05,,
250.76738333,44.46090833,2654,1,195.66,4586.24,27.583,0.036,0,1852.3,4586.2,,17Am05,,
250.88683333,44.51423056,2654,1,1865.07,3533.0,27.583,0.036,0,182.9,3533.0,,17Am05,,
250.86569167,44.67885,2654,1,1586.03,315.95,27.585,0.035,0,462.0,316.0,,17Am05,,
250.84464583,44.61951944,2654,1,1285.05,1483.81,27.591,0.036,0,762.9,1483.8,,17Am05,,
250.79656667,44.64095833,2654,1,617.0,1072.09,27.592,0.036,0,1431.0,1072.1,,17Am05,,
250.768475,44.66566944,2654,1,228.92,592.39,27.601,0.036,0,1819.1,592.4,,17Am05,,
250.78015833,44.663025,2654,1,391.36,642.3,27.601,0.036,0,1656.6,642.3,,17Am05,,
250.88139583,44.65149444,2654,1,1802.08,850.16,27.607,0.036,0,245.9,850.2,,17Am05,,
250.8041,44.66389722,2654,1,724.82,621.18,27.609,0.036,-1,1323.2,621.2,,17Am05,,
250.82022917,44.57719722,2654,1,940.06,2315.34,27.611,0.036,0,1107.9,2315.3,,17Am05,,
250.7547375,44.67543333,2654,1,38.95,403.04,27.619,0.036,0,2009.1,403.0,,17Am05,,
250.78953333,44.53394167,2654,1,508.87,3163.36,27.623,0.037,0,1539.1,3163.4,,17Am05,,
250.86409583,44.57239444,2654,1,1551.95,2401.93,27.628,0.037,0,496.1,2401.9,,17Am05,,
250.79620833,44.50951944,2654,1,599.94,3637.94,27.63,0.037,0,1448.1,3637.9,,17Am05,,
250.80642917,44.46773056,2654,1,739.79,4449.17,27.64,0.037,0,1308.2,4449.2,,17Am05,,
250.85763333,44.48210556,2654,1,1454.95,4162.96,27.641,0.037,0,593.1,4163.0,,17Am05,,
250.81883333,44.68551667,2654,1,932.89,194.04,27.645,0.037,0,1115.1,194.0,,17Am05,,
250.7877125,44.61303333,2654,1,490.62,1620.13,27.646,0.037,0,1557.4,1620.1,,17Am05,,
250.85165833,44.58995556,2654,1,1380.0,2060.91,27.648,0.037,0,668.0,2060.9,,17Am05,,
250.86992083,44.544075,2654,1,1630.84,2953.85,27.649,0.037,0,417.2,2953.9,,17Am05,,
250.75229583,44.65971389,2654,1,3.19,711.66,27.652,0.037,1,2044.8,711.7,,17Am05,,
250.7946125,44.54038333,2654,1,580.15,3037.2,27.654,0.038,0,1467.8,3037.2,,17Am05,,
250.8397125,44.63242222,2654,1,1217.48,1231.95,27.654,0.037,0,830.5,1231.9,,17Am05,,
250.81970833,44.60766389,2654,1,935.82,1719.99,27.657,0.037,0,1112.2,1720.0,,17Am05,,
250.76645417,44.63247778,2654,1,196.88,1242.9,27.663,0.038,0,1851.1,1242.9,,17Am05,,
250.76079167,44.59404444,2654,1,114.16,1995.18,27.664,0.038,0,1933.8,1995.2,,17Am05,,
250.8786625,44.52568889,2654,1,1751.65,3311.03,27.665,0.038,0,296.3,3311.0,,17Am05,,
250.8465,44.48506944,2654,1,1299.83,4106.76,27.667,0.038,0,748.2,4106.8,,17Am05,,
250.84033333,44.64548611,2654,1,1227.77,975.81,27.672,0.038,0,820.2,975.8,,17Am05,,
250.76695833,44.61981389,2654,1,202.72,1490.64,27.676,0.038,0,1845.3,1490.6,,17Am05,,
250.88683333,44.60547778,2654,1,1872.86,1750.98,27.68,0.038,0,175.1,1751.0,,17Am05,,
250.78515833,44.66264444,2654,1,460.92,648.96,27.68,0.038,0,1587.1,649.0,,17Am05,,
250.8687,44.60518611,2654,1,1619.26,1760.03,27.681,0.038,0,428.7,1760.0,,17Am05,,
250.82838333,44.51529444,2654,1,1048.96,3521.12,27.681,0.038,0,999.0,3521.1,,17Am05,,
250.77330833,44.69371111,2654,1,299.83,41.09,27.682,0.038,0,1748.2,41.1,,17Am05,,
250.82407083,44.59678889,2654,1,995.66,1931.93,27.683,0.038,0,1052.3,1931.9,,17Am05,,
250.772525,44.56213889,2654,1,274.26,2616.09,27.683,0.038,0,1773.7,2616.1,,17Am05,,
250.8095875,44.66104722,2654,1,801.0,676.08,27.686,0.038,0,1247.0,676.1,,17Am05,,
250.81817917,44.69124444,2654,1,924.51,81.6,27.688,0.038,0,1123.5,81.6,,17Am05,,
250.79602917,44.63030833,2654,1,608.17,1280.73,27.705,0.039,0,1439.8,1280.7,,17Am05,,
250.75615417,44.54404444,2654,1,45.05,2970.87,27.706,0.039,0,2002.9,2970.9,,17Am05,,
250.7573875,44.572475,2654,1,64.61,2416.59,27.707,0.039,0,1983.4,2416.6,,17Am05,,
250.77825417,44.49354722,2654,1,348.92,3950.81,27.709,0.039,0,1699.1,3950.8,,17Am05,,
250.8876625,44.57720556,2654,1,1881.54,2303.78,27.709,0.039,1,166.5,2303.8,,17Am05,,
250.773225,44.47186944,2654,1,277.64,4372.69,27.712,0.039,0,1770.4,4372.7,,17Am05,,
250.89247917,44.54053889,2654,1,1946.06,3019.11,27.714,0.039,0,101.9,3019.1,,17Am05,,
250.8383125,44.63265278,2654,1,1198.06,1227.71,27.714,0.039,0,849.9,1227.7,,17Am05,,
250.855875,44.53311111,2654,1,1433.83,3169.85,27.715,0.039,0,614.2,3169.9,,17Am05,,
250.89445,44.51914444,2654,1,1972.02,3436.03,27.717,0.039,0,76.0,3436.0,,17Am05,,
250.78499167,44.51400556,2654,1,444.24,3552.04,27.718,0.039,0,1603.8,3552.0,,17Am05,,
250.83602083,44.47916111,2654,1,1153.07,4223.11,27.726,0.04,0,894.9,4223.1,,17Am05,,
250.766925,44.666375,2654,1,207.34,578.77,27.727,0.039,0,1840.7,578.8,,17Am05,,
250.8206375,44.69282222,2654,1,959.02,50.14,27.727,0.039,0,1089.0,50.1,,17Am05,,
250.85698333,44.65678889,2654,1,1461.81,751.01,27.728,0.039,0,586.2,751.0,,17Am05,,
250.80075,44.50779167,2654,1,663.0,3670.94,27.732,0.04,0,1385.0,3670.9,,17Am05,,
250.86657083,44.63073333,2654,1,1592.27,1260.16,27.733,0.039,0,455.7,1260.2,,17Am05,,
250.77055833,44.52696667,2654,1,244.01,3301.67,27.735,0.04,0,1804.0,3301.7,,17Am05,,
250.7901375,44.48543333,2654,1,513.91,4107.12,27.738,0.04,0,1534.1,4107.1,,17Am05,,
250.8592625,44.60036111,2654,1,1487.1,1856.11,27.74,0.04,0,560.9,1856.1,,17Am05,,
250.77081667,44.56974444,2654,1,251.36,2468.06,27.741,0.04,0,1796.6,2468.1,,17Am05,,
250.8458,44.49688889,2654,1,1290.61,3877.01,27.741,0.04,0,757.4,3877.0,,17Am05,,
250.88532083,44.48135,2654,1,1842.11,4173.59,27.743,0.04,0,205.9,4173.6,,17Am05,,
250.8618,44.60568889,2654,1,1523.13,1751.41,27.745,0.04,0,524.9,1751.4,,17Am05,,
250.76705833,44.52568889,2654,1,195.25,3326.89,27.753,0.04,0,1852.8,3326.9,,17Am05,,
250.76116667,44.46336667,2654,1,109.11,4539.13,27.753,0.041,0,1938.9,4539.1,,17Am05,,
250.89265833,44.57477778,2654,1,1951.23,2350.35,27.755,0.04,0,96.8,2350.4,,17Am05,,
250.830125,44.58131944,2654,1,1078.75,2233.23,27.761,0.04,0,969.2,2233.2,,17Am05,,
250.8369625,44.60153333,2654,1,1176.02,1837.11,27.766,0.041,0,872.0,1837.1,,17Am05,,
250.84287083,44.66013333,2654,1,1265.02,687.93,27.768,0.04,0,783.0,687.9,,17Am05,,
250.8026375,44.469925,2654,1,686.98,4406.96,27.774,0.041,0,1361.0,4407.0,,17Am05,,
250.89824167,44.62001667,2654,1,2034.16,1463.96,27.776,0.041,0,13.8,1464.0,,17Am05,,
250.75735833,44.55227778,2654,1,62.46,2810.35,27.78,0.041,0,1985.5,2810.4,,17Am05,,
250.80229583,44.58083889,2654,1,690.61,2247.0,27.783,0.041,-1,1357.4,2247.0,,17Am05,,
250.81243333,44.62706944,2654,1,836.6,1341.45,27.786,0.041,0,1211.4,1341.4,,17Am05,,
250.80364583,44.48797778,2654,1,702.09,4055.95,27.787,0.041,0,1345.9,4055.9,,17Am05,,
250.76512083,44.57378056,2654,1,172.28,2390.11,27.793,0.042,0,1875.7,2390.1,,17Am05,,
250.88671667,44.57726944,2654,1,1868.55,2302.76,27.795,0.041,1,179.4,2302.8,,17Am05,,
250.82055833,44.59261667,2654,1,946.1,2014.05,27.798,0.042,0,1101.9,2014.1,,17Am05,,
250.8848,44.48254444,2654,1,1834.91,4150.4,27.801,0.042,0,213.1,4150.4,,17Am05,,
250.7919125,44.46196667,2654,1,537.34,4562.86,27.805,0.042,0,1510.7,4562.9,,17Am05,,
250.81806667,44.48996667,2654,1,903.3,4015.43,27.808,0.042,0,1144.7,4015.4,,17Am05,,
250.79365417,44.53936944,2654,1,566.75,3057.09,27.811,0.042,0,1481.2,3057.1,,17Am05,,
250.80703333,44.62473056,2654,1,760.95,1388.13,27.818,0.042,0,1287.1,1388.1,,17Am05,,
250.791,44.62083333,2654,1,537.49,1467.05,27.819,0.042,0,1510.5,1467.1,,17Am05,,
250.7936375,44.63838056,2654,1,575.98,1123.06,27.827,0.042,0,1472.0,1123.1,,17Am05,,
250.799675,44.52421389,2654,1,649.32,3351.37,27.829,0.043,1,1398.7,3351.4,,17Am05,,
250.89464583,44.46516944,2654,1,1971.65,4487.04,27.832,0.043,0,76.3,4487.0,,17Am05,,
250.82988333,44.51414444,2654,1,1069.84,3543.2,27.834,0.043,0,978.2,3543.2,,17Am05,,
250.81759583,44.59089444,2654,1,904.8,2048.24,27.836,0.043,0,1143.2,2048.2,,17Am05,,
250.839875,44.62,2654,1,1218.38,1475.14,27.836,0.043,0,829.6,1475.1,,17Am05,,
250.817075,44.67776944,2654,1,907.48,346.57,27.839,0.043,0,1140.5,346.6,,17Am05,,
250.89366667,44.582375,2654,1,1966.08,2201.73,27.841,0.043,1,81.9,2201.7,,17Am05,,
250.85423333,44.68243611,2654,1,1426.6,247.77,27.845,0.043,0,621.4,247.8,,17Am05,,
250.87320833,44.47849722,2654,1,1672.74,4230.87,27.854,0.043,0,375.3,4230.9,,17Am05,,
250.79448333,44.63183889,2654,1,587.03,1251.0,27.857,0.043,0,1461.0,1251.0,,17Am05,,
250.86964583,44.61176667,2654,1,1633.31,1630.99,27.858,0.043,0,414.7,1631.0,,17Am05,,
250.86735,44.67049444,2654,1,1608.21,479.87,27.858,0.043,0,439.8,479.9,,17Am05,,
250.79107917,44.4975,2654,1,527.98,3872.39,27.861,0.044,0,1520.0,3872.4,,17Am05,,
250.87008333,44.54193056,2654,1,1632.96,2995.57,27.861,0.044,0,415.0,2995.6,,17Am05,,
250.82695417,44.66191389,2654,1,1043.38,656.06,27.865,0.043,0,1004.6,656.1,,17Am05,,
250.78310417,44.67713889,2654,1,434.21,364.87,27.865,0.043,0,1613.8,364.9,,17Am05,,
250.84279167,44.62596389,2654,1,1259.83,1357.92,27.866,0.044,0,788.2,1357.9,,17Am05,,
250.84298333,44.63768611,2654,1,1263.84,1128.25,27.868,0.044,0,784.2,1128.2,,17Am05,,
250.87423333,44.48911389,2654,1,1687.44,4024.08,27.87,0.044,0,360.6,4024.1,,17Am05,,
250.83380417,44.500525,2654,1,1123.45,3807.87,27.871,0.044,0,924.6,3807.9,,17Am05,,
250.7806,44.64201389,2654,1,394.93,1054.05,27.872,0.044,0,1653.1,1054.1,,17Am05,,
250.8952625,44.68399444,2654,1,2000.43,208.82,27.872,0.043,0,47.6,208.8,,17Am05,,
250.75577917,44.64865,2654,1,50.13,927.96,27.875,0.044,0,1997.9,928.0,,17Am05,,
250.87722917,44.55010556,2654,1,1733.65,2834.92,27.875,0.044,0,314.3,2834.9,,17Am05,,
250.80735833,44.55853333,2654,1,759.02,2681.51,27.876,0.044,0,1289.0,2681.5,,17Am05,,
250.79142083,44.66076389,2654,1,547.82,684.8,27.882,0.044,0,1500.2,684.8,,17Am05,,
250.826675,44.67145,2654,1,1040.4,468.95,27.882,0.044,0,1007.6,469.0,,17Am05,,
250.89858333,44.58253889,2654,1,2034.89,2197.55,27.883,0.044,0,13.1,2197.6,,17Am05,,
250.77363333,44.64926667,2654,1,298.8,913.02,27.888,0.044,0,1749.2,913.0,,17Am05,,
250.76866667,44.64197778,2654,1,228.76,1056.6,27.888,0.044,-1,1819.2,1056.6,,17Am05,,
250.85660833,44.58305,2654,1,1448.38,2195.04,27.893,0.045,0,599.6,2195.0,,17Am05,,
250.83779167,44.63580833,2654,1,1191.18,1165.98,27.893,0.044,0,856.8,1166.0,,17Am05,,
250.856525,44.60850278,2654,1,1449.79,1697.35,27.906,0.045,0,598.2,1697.3,,17Am05,,
250.890625,44.51085833,2654,1,1917.97,3598.1,27.91,0.045,0,130.0,3598.1,,17Am05,,
250.79475833,44.64259444,2654,1,592.07,1040.31,27.912,0.045,0,1455.9,1040.3,,17Am05,,
250.88037083,44.489075,2654,1,1772.99,4023.91,27.918,0.046,0,275.0,4023.9,,17Am05,,
250.88769583,44.6299,2654,1,1887.76,1272.36,27.921,0.045,0,160.2,1272.4,,17Am05,,
250.87008333,44.54336389,2654,1,1633.08,2967.65,27.922,0.046,0,414.9,2967.6,,17Am05,,
250.7862,44.48304167,2654,1,458.97,4154.05,27.929,0.046,0,1589.0,4154.0,,17Am05,,
250.8133625,44.58344167,2654,1,845.05,2194.43,27.932,0.046,0,1202.9,2194.4,,17Am05,,
250.82099583,44.52156667,2654,1,946.15,3400.03,27.932,0.046,0,1101.8,3400.0,,17Am05,,
250.8417,44.67814722,2654,1,1250.94,334.59,27.933,0.046,-1,797.1,334.6,,17Am05,,
250.83683333,44.46863611,2654,1,1163.95,4427.73,27.935,0.046,0,884.1,4427.7,,17Am05,,
250.82254167,44.67296944,2654,1,983.06,439.82,27.941,0.046,0,1064.9,439.8,,17Am05,,
250.83405,44.68527222,2654,1,1145.13,196.02,27.944,0.046,0,902.9,196.0,,17Am05,,
250.842625,44.6717,2654,1,1263.06,461.0,27.948,0.046,0,784.9,461.0,,17Am05,,
250.8630875,44.608775,2654,1,1541.39,1690.79,27.95,0.046,0,506.6,1690.8,,17Am05,,
250.89243333,44.66405278,2654,1,1958.02,601.31,27.957,0.046,-1,90.0,601.3,,17Am05,,
250.84529583,44.55928889,2654,1,1288.33,2660.95,27.958,0.047,0,759.7,2660.9,,17Am05,,
250.86666667,44.63680556,2654,1,1594.5,1141.01,27.96,0.047,-1,453.5,1141.0,,17Am05,,
250.8480125,44.48635556,2654,1,1320.89,4081.55,27.96,0.047,0,727.1,4081.6,,17Am05,,
250.76453333,44.54480833,2654,1,161.78,2954.98,27.961,0.047,0,1886.2,2955.0,,17Am05,,
250.86941667,44.47003056,2654,1,1619.23,4396.1,27.961,0.047,0,428.8,4396.1,,17Am05,,
250.78344583,44.67185833,2654,1,438.1,468.46,27.965,0.047,0,1609.9,468.5,,17Am05,,
250.81727083,44.48616389,2654,1,892.03,4089.48,27.968,0.047,0,1156.0,4089.5,,17Am05,,
250.86194583,44.45965833,2654,1,1514.13,4598.86,27.968,0.047,0,533.9,4598.9,,17Am05,,
250.79072083,44.66060833,2654,1,537.91,688.0,27.975,0.047,0,1510.1,688.0,,17Am05,,
250.78196667,44.67611944,2654,1,418.1,385.09,27.976,0.047,0,1629.9,385.1,,17Am05,,
250.83335,44.48613333,2654,1,1116.1,4087.93,27.976,0.048,0,931.9,4087.9,,17Am05,,
250.80529167,44.49973889,2654,1,725.67,3827.07,27.976,0.048,0,1322.3,3827.1,,17Am05,,
250.87879167,44.61871111,2654,1,1761.97,1493.4,27.978,0.047,0,286.0,1493.4,,17Am05,,
250.87939583,44.67438333,2654,1,1777.12,401.08,27.979,0.047,0,270.9,401.1,,17Am05,,
250.81738333,44.50145278,2654,1,894.49,3792.02,27.982,0.048,0,1153.5,3792.0,,17Am05,,
250.7848125,44.65530278,2654,1,455.08,792.97,27.983,0.048,0,1592.9,793.0,,17Am05,,
250.84829167,44.58324722,2654,1,1332.06,2192.65,27.986,0.048,0,715.9,2192.6,,17Am05,,
250.86922083,44.67429167,2654,1,1634.67,404.91,27.99,0.048,0,413.3,404.9,,17Am05,,
250.77605833,44.49076944,2654,1,318.32,4005.16,27.996,0.048,0,1729.7,4005.2,,17Am05,,
250.89707083,44.49151111,2654,1,2007.0,3973.89,28.005,0.049,0,41.0,3973.9,,17Am05,,
250.88322083,44.52181111,2654,1,1815.16,3385.9,28.013,0.049,0,232.8,3385.9,,17Am05,,
250.80623333,44.51088889,2654,1,739.74,3609.88,28.013,0.049,0,1308.3,3609.9,,17Am05,,
250.7626625,44.54830278,2654,1,135.85,2887.13,28.014,0.049,0,1912.2,2887.1,,17Am05,,
250.77636667,44.49195833,2654,1,322.58,3981.97,28.015,0.049,0,1725.4,3982.0,,17Am05,,
250.85621667,44.49870278,2654,1,1436.45,3840.16,28.017,0.049,0,611.6,3840.2,,17Am05,,
250.81370417,44.54822778,2654,1,846.5,2881.55,28.018,0.049,-1,1201.5,2881.6,,17Am05,,
250.8602875,44.46681389,2654,1,1491.18,4460.04,28.019,0.049,0,556.8,4460.0,,17Am05,,
250.82587917,44.575625,2654,1,1018.77,2345.14,28.023,0.049,1,1029.2,2345.1,,17Am05,,
250.87874167,44.54404444,2654,1,1754.17,2952.96,28.025,0.049,0,293.8,2953.0,,17Am05,,
250.83489583,44.54764722,2654,1,1142.1,2889.73,28.028,0.049,0,905.9,2889.7,,17Am05,,
250.818425,44.54499444,2654,1,912.12,2943.82,28.029,0.049,0,1135.9,2943.8,,17Am05,,
250.78575833,44.63221389,2654,1,465.71,1245.09,28.032,0.049,-1,1582.3,1245.1,,17Am05,,
250.79319583,44.58316111,2654,1,564.1,2202.99,28.033,0.05,0,1483.9,2203.0,,17Am05,,
250.85413333,44.66439167,2654,1,1422.71,602.27,28.034,0.049,0,625.3,602.3,,17Am05,,
250.7799,44.55291111,2654,1,376.13,2795.04,28.036,0.05,0,1671.9,2795.0,,17Am05,,
250.7884125,44.6228,2654,1,501.56,1428.99,28.038,0.05,0,1546.4,1429.0,,17Am05,,
250.8567375,44.57570833,2654,1,1449.6,2338.53,28.04,0.05,1,598.4,2338.5,,17Am05,,
250.80227917,44.58924444,2654,1,691.03,2082.85,28.044,0.05,0,1357.0,2082.9,,17Am05,,
250.8541,44.68370556,2654,1,1424.86,222.91,28.05,0.05,0,623.1,222.9,,17Am05,,
250.7912125,44.54619722,2654,1,533.05,2924.37,28.05,0.05,0,1514.9,2924.4,,17Am05,,
250.89366667,44.58291111,2654,1,1966.13,2191.22,28.058,0.05,1,81.9,2191.2,,17Am05,,
250.8039375,44.57714444,2654,1,713.1,2318.9,28.059,0.051,0,1334.9,2318.9,,17Am05,,
250.8481125,44.51283889,2654,1,1324.06,3566.03,28.062,0.051,0,723.9,3566.0,,17Am05,,
250.78977917,44.52666111,2654,1,511.74,3305.1,28.072,0.051,0,1536.3,3305.1,,17Am05,,
250.8472,44.48576389,2654,1,1309.79,4093.21,28.076,0.051,0,738.2,4093.2,,17Am05,,
250.75569583,44.54965833,2654,1,39.06,2861.67,28.08,0.052,0,2008.9,2861.7,,17Am05,,
250.80135,44.65710833,2654,1,685.53,754.84,28.082,0.051,0,1362.5,754.8,,17Am05,,
250.85887083,44.52246944,2654,1,1475.03,3376.81,28.083,0.051,0,573.0,3376.8,,17Am05,,
250.79661667,44.47496111,2654,1,603.5,4309.89,28.084,0.052,0,1444.5,4309.9,,17Am05,,
250.83885,44.62553056,2654,1,1204.88,1367.15,28.084,0.051,0,843.1,1367.2,,17Am05,,
250.75434583,44.54590278,2654,1,20.13,2934.98,28.087,0.052,0,2027.9,2935.0,,17Am05,,
250.83116667,44.49767778,2654,1,1086.68,3863.65,28.089,0.052,0,961.3,3863.6,,17Am05,,
250.83989167,44.45972222,2654,1,1206.22,4600.54,28.092,0.052,-1,841.8,4600.5,,17Am05,,
250.85429583,44.53804722,2654,1,1412.08,3073.87,28.093,0.052,0,635.9,3073.9,,17Am05,,
250.8904625,44.543025,2654,1,1917.97,2970.89,28.095,0.052,0,130.0,2970.9,,17Am05,,
250.7738125,44.692925,2654,1,306.57,56.44,28.095,0.052,-1,1741.4,56.4,,17Am05,,
250.83258333,44.56369722,2654,1,1111.06,2576.92,28.096,0.052,0,936.9,2576.9,,17Am05,,
250.86873333,44.52546111,2654,1,1613.02,3317.07,28.107,0.052,0,435.0,3317.1,,17Am05,,
250.76549583,44.53825,2654,1,174.56,3082.58,28.108,0.053,0,1873.4,3082.6,,17Am05,,
250.8727875,44.559575,2654,1,1672.2,2650.83,28.113,0.053,0,375.8,2650.8,,17Am05,,
250.8599125,44.61332778,2654,1,1497.61,1602.26,28.116,0.053,1,550.4,1602.3,,17Am05,,
250.88527083,44.62777222,2654,1,1853.51,1314.59,28.117,0.052,1,194.5,1314.6,,17Am05,,
250.89667917,44.60390556,2654,1,2010.26,1779.88,28.121,0.053,0,37.7,1779.9,,17Am05,,
250.87988333,44.67269444,2654,1,1783.77,434.09,28.124,0.053,0,264.2,434.1,,17Am05,,
250.82669167,44.62977778,2654,1,1035.75,1286.07,28.135,0.053,0,1012.2,1286.1,,17Am05,,
250.78139583,44.67685,2654,1,410.21,370.9,28.139,0.053,0,1637.8,370.9,,17Am05,,
250.80644583,44.51659167,2654,1,743.18,3498.83,28.141,0.054,-1,1304.8,3498.8,,17Am05,,
250.77939583,44.67645833,2654,1,382.39,378.84,28.148,0.054,0,1665.6,378.8,,17Am05,,
250.86684583,44.60005278,2654,1,1593.16,1860.8,28.149,0.054,0,454.8,1860.8,,17Am05,,
250.7761875,44.54965833,2654,1,324.14,2858.98,28.149,0.054,0,1723.9,2859.0,,17Am05,,
250.80154583,44.51240833,2654,1,674.74,3581.01,28.149,0.054,0,1373.3,3581.0,,17Am05,,
250.79592917,44.56948889,2654,1,600.89,2469.41,28.152,0.054,-1,1447.1,2469.4,,17Am05,,
250.80529167,44.56385556,2654,1,730.55,2578.02,28.154,0.054,0,1317.4,2578.0,,17Am05,,
250.8768875,44.51451944,2654,1,1726.05,3529.0,28.155,0.054,0,321.9,3529.0,,17Am05,,
250.76754583,44.60465278,2654,1,209.11,1786.95,28.156,0.054,0,1838.9,1786.9,,17Am05,,
250.86149167,44.68520833,2654,1,1528.1,191.92,28.159,0.054,0,519.9,191.9,,17Am05,,
250.89513333,44.49096389,2654,1,1979.83,3984.93,28.161,0.055,0,68.2,3984.9,,17Am05,,
250.8588375,44.64475556,2654,1,1485.91,986.72,28.165,0.054,1,562.1,986.7,,17Am05,,
250.83935417,44.46839444,2654,1,1199.02,4432.02,28.168,0.055,0,849.0,4432.0,,17Am05,,
250.8969875,44.49579444,2654,1,2006.1,3890.57,28.175,0.055,0,41.9,3890.6,,17Am05,,
250.8181,44.64178333,2654,1,917.12,1052.26,28.177,0.055,0,1130.9,1052.3,,17Am05,,
250.86712083,44.54716944,2654,1,1592.15,2893.93,28.185,0.056,0,455.8,2893.9,,17Am05,,
250.78369167,44.65128889,2654,1,439.0,871.74,28.186,0.055,0,1609.0,871.7,,17Am05,,
250.85553333,44.68241667,2654,1,1444.91,247.92,28.194,0.055,0,603.1,247.9,,17Am05,,
250.86727083,44.49181389,2654,1,1590.23,3972.56,28.198,0.056,0,457.8,3972.6,,17Am05,,
250.83061667,44.63793333,2654,1,1091.18,1125.58,28.202,0.056,0,956.8,1125.6,,17Am05,,
250.85789583,44.48713889,2654,1,1459.04,4064.94,28.202,0.056,0,589.0,4064.9,,17Am05,,
250.84147083,44.66385,2654,1,1246.04,615.34,28.203,0.056,0,802.0,615.3,,17Am05,,
250.79098333,44.47210833,2654,1,524.94,4365.97,28.205,0.057,0,1523.1,4366.0,,17Am05,,
250.89054167,44.515025,2654,1,1917.09,3516.95,28.207,0.057,0,130.9,3516.9,,17Am05,,
250.8525375,44.48967778,2654,1,1384.4,4016.26,28.208,0.057,-1,663.6,4016.3,,17Am05,,
250.86140833,44.61139444,2654,1,1518.01,1639.89,28.217,0.057,0,530.0,1639.9,,17Am05,,
250.8194,44.59299167,2654,1,930.14,2006.95,28.22,0.057,0,1117.9,2006.9,,17Am05,,
250.86349167,44.52417222,2654,1,1539.65,3342.93,28.221,0.057,0,508.3,3342.9,,17Am05,,
250.77674167,44.61292222,2654,1,338.09,1623.95,28.221,0.057,-1,1709.9,1623.9,,17Am05,,
250.858025,44.46942778,2654,1,1460.01,4409.45,28.221,0.057,0,588.0,4409.5,,17Am05,,
250.78559583,44.48047778,2654,1,450.45,4203.96,28.223,0.058,0,1597.6,4204.0,,17Am05,,
250.76967917,44.58651111,2654,1,236.96,2140.97,28.23,0.058,0,1811.0,2141.0,,17Am05,,
250.75649583,44.63142222,2654,1,58.43,1265.07,28.234,0.058,0,1989.6,1265.1,,17Am05,,
250.79142083,44.54749167,2654,1,536.2,2899.07,28.235,0.058,0,1511.8,2899.1,,17Am05,,
250.79995,44.53224444,2654,1,653.73,3195.09,28.249,0.059,0,1394.3,3195.1,,17Am05,,
250.8174,44.60856389,2654,1,903.92,1702.81,28.25,0.058,0,1144.1,1702.8,,17Am05,,
250.84035,44.50239167,2654,1,1215.07,3770.63,28.253,0.059,-1,832.9,3770.6,,17Am05,,
250.830875,44.55901111,2654,1,1087.03,2668.66,28.259,0.059,0,961.0,2668.7,,17Am05,,
250.870525,44.52635,2654,1,1637.9,3299.39,28.259,0.059,0,410.1,3299.4,,17Am05,,
250.88466667,44.66959167,2654,1,1850.22,494.05,28.259,0.058,-1,197.8,494.0,,17Am05,,
250.81554167,44.69135,2654,1,887.95,80.09,28.259,0.058,0,1160.1,80.1,,17Am05,,
250.84651667,44.46275278,2654,1,1299.05,4540.79,28.267,0.059,0,748.9,4540.8,,17Am05,,
250.84080417,44.57546389,2654,1,1226.85,2345.85,28.279,0.06,0,821.2,2345.9,,17Am05,,
250.8841,44.50147222,2654,1,1826.06,3782.04,28.284,0.06,0,221.9,3782.0,,17Am05,,
250.80275,44.677725,2654,1,707.92,350.05,28.293,0.06,0,1340.1,350.0,,17Am05,,
250.75835,44.60465833,2654,1,81.03,1788.25,28.295,0.061,0,1967.0,1788.2,,17Am05,,
250.8835625,44.49305,2654,1,1817.92,3946.06,28.295,0.061,0,230.1,3946.1,,17Am05,,
250.85599167,44.49891389,2654,1,1433.03,3835.98,28.296,0.061,0,615.0,3836.0,,17Am05,,
250.7547375,44.59385833,2654,1,29.79,1999.6,28.327,0.062,0,2018.2,1999.6,,17Am05,,
250.784375,44.48913611,2654,1,433.85,4035.78,28.327,0.062,0,1614.2,4035.8,,17Am05,,
250.842725,44.60851111,2654,1,1257.18,1699.56,28.328,0.062,0,790.8,1699.6,,17Am05,,
250.844875,44.49766111,2654,1,1277.69,3862.0,28.329,0.062,0,770.3,3862.0,,17Am05,,
250.79585,44.48059444,2654,1,593.16,4200.5,28.339,0.063,0,1454.8,4200.5,,17Am05,,
250.863475,44.62094167,2654,1,1548.05,1452.52,28.34,0.062,0,499.9,1452.5,,17Am05,,
250.84059167,44.47325556,2654,1,1216.81,4337.38,28.35,0.063,0,831.2,4337.4,,17Am05,,
250.85584167,44.68246111,2654,1,1449.11,247.05,28.351,0.063,0,598.9,247.1,,17Am05,,
250.83475,44.50296111,2654,1,1136.95,3760.33,28.361,0.064,0,911.1,3760.3,,17Am05,,
250.8515625,44.59486111,2654,1,1378.96,1965.06,28.361,0.064,0,669.0,1965.1,,17Am05,,
250.833625,44.652375,2654,1,1135.2,841.97,28.372,0.064,0,912.8,842.0,,17Am05,,
250.81871667,44.48417222,2654,1,912.1,4128.0,28.378,0.065,0,1135.9,4128.0,,17Am05,,
250.80976667,44.62599444,2654,1,799.17,1363.07,28.38,0.064,0,1248.8,1363.1,,17Am05,,
250.79085417,44.59881111,2654,1,532.91,1897.63,28.381,0.065,0,1515.1,1897.6,,17Am05,,
250.83844583,44.53939722,2654,1,1191.0,3050.06,28.386,0.065,0,857.0,3050.1,,17Am05,,
250.89303333,44.53450556,2654,1,1953.24,3136.65,28.39,0.065,0,94.8,3136.6,,17Am05,,
250.76536667,44.66086667,2654,1,185.0,687.04,28.392,0.065,0,1863.0,687.0,,17Am05,,
250.88912917,44.64266111,2654,1,1909.12,1021.88,28.394,0.065,0,138.9,1021.9,,17Am05,,
250.7974125,44.46497778,2654,1,614.0,4503.61,28.394,0.066,0,1434.0,4503.6,,17Am05,,
250.83860833,44.496675,2654,1,1190.31,3882.11,28.398,0.066,0,857.7,3882.1,,17Am05,,
250.82280417,44.62945278,2654,1,981.23,1293.12,28.402,0.066,0,1066.8,1293.1,,17Am05,,
250.85345,44.54788333,2654,1,1401.03,2882.21,28.407,0.066,0,647.0,2882.2,,17Am05,,
250.84150417,44.618975,2654,1,1241.14,1494.97,28.408,0.066,0,806.9,1495.0,,17Am05,,
250.82785,44.51566111,2654,1,1041.36,3514.1,28.41,0.066,0,1006.6,3514.1,,17Am05,,
250.857325,44.54483611,2654,1,1454.96,2941.02,28.411,0.066,0,593.0,2941.0,,17Am05,,
250.814925,44.63951389,2654,1,872.68,1097.38,28.412,0.066,0,1175.3,1097.4,,17Am05,,
250.8905125,44.50368889,2654,1,1915.99,3737.87,28.414,0.066,0,132.0,3737.9,,17Am05,,
250.85553333,44.61682222,2654,1,1436.94,1534.62,28.416,0.066,0,611.1,1534.6,,17Am05,,
250.80488333,44.51423611,2654,1,721.31,3544.93,28.42,0.067,0,1326.7,3544.9,,17Am05,,
250.81025417,44.60810278,2654,1,804.1,1712.97,28.422,0.067,0,1243.9,1713.0,,17Am05,,
250.82934583,44.59222222,2654,1,1068.75,2020.4,28.424,0.067,0,979.2,2020.4,,17Am05,,
250.89445,44.67453611,2654,1,1987.68,394.89,28.427,0.066,-1,60.3,394.9,,17Am05,,
250.7675625,44.67754444,2654,1,217.86,359.56,28.442,0.068,0,1830.1,359.6,,17Am05,,
250.81652083,44.65450556,2654,1,896.55,803.16,28.445,0.068,-1,1151.4,803.2,,17Am05,,
250.88775833,44.48218333,2654,1,1876.16,4156.99,28.455,0.069,0,171.8,4157.0,,17Am05,,
250.75782917,44.49850278,2654,1,64.86,3856.86,28.455,0.069,0,1983.1,3856.9,,17Am05,,
250.8660625,44.46131389,2654,1,1571.85,4566.03,28.457,0.069,0,476.2,4566.0,,17Am05,,
250.7696125,44.58559444,2654,1,236.11,2158.96,28.459,0.069,0,1811.9,2159.0,,17Am05,,
250.865575,44.47921389,2654,1,1565.86,4218.05,28.46,0.069,0,482.1,4218.0,,17Am05,,
250.77687083,44.66980556,2654,1,346.18,509.87,28.465,0.069,0,1701.8,509.9,,17Am05,,
250.89534583,44.61347778,2654,1,1992.93,1592.77,28.465,0.069,0,55.1,1592.8,,17Am05,,
250.79585,44.65164167,2654,1,608.36,862.97,28.475,0.069,0,1439.6,863.0,,17Am05,,
250.85222917,44.63541667,2654,1,1392.48,1170.99,28.478,0.069,0,655.5,1171.0,,17Am05,,
250.786425,44.50988611,2654,1,463.74,3632.05,28.481,0.07,0,1584.3,3632.1,,17Am05,,
250.8647625,44.503675,2654,1,1555.83,3742.06,28.486,0.07,0,492.2,3742.1,,17Am05,,
250.80831667,44.58591111,2654,1,774.84,2147.04,28.489,0.07,0,1273.2,2147.0,,17Am05,,
250.8470875,44.62806944,2654,1,1319.94,1315.9,28.495,0.07,0,728.1,1315.9,,17Am05,,
250.77845,44.62541667,2654,1,363.02,1379.3,28.495,0.071,0,1685.0,1379.3,,17Am05,,
250.8591,44.49135833,2654,1,1476.08,3982.71,28.496,0.071,0,571.9,3982.7,,17Am05,,
250.80812083,44.63222778,2654,1,777.02,1241.29,28.499,0.071,0,1271.0,1241.3,,17Am05,,
250.83935417,44.62517778,2654,1,1211.7,1373.96,28.5,0.071,0,836.3,1374.0,,17Am05,,
250.84303333,44.49732222,2654,1,1252.12,3868.9,28.521,0.072,0,795.9,3868.9,,17Am05,,
250.87988333,44.67499167,2654,1,1784.08,388.99,28.53,0.072,0,263.9,389.0,,17Am05,,
250.84313333,44.49398056,2654,1,1253.06,3933.92,28.54,0.074,0,794.9,3933.9,,17Am05,,
250.81689583,44.51086667,2654,1,888.26,3608.85,28.546,0.074,0,1159.7,3608.9,,17Am05,,
250.88727083,44.51061111,2654,1,1870.95,3603.5,28.548,0.074,0,177.1,3603.5,,17Am05,,
250.8487625,44.58245278,2654,1,1338.85,2207.98,28.553,0.074,0,709.2,2208.0,,17Am05,,
250.83662083,44.51970556,2654,1,1164.0,3434.01,28.554,0.074,0,884.0,3434.0,,17Am05,,
250.8442875,44.644675,2654,1,1282.97,990.92,28.564,0.074,0,765.0,990.9,,17Am05,,
250.844775,44.58080278,2654,1,1283.02,2240.96,28.573,0.075,0,765.0,2241.0,,17Am05,,
250.81675,44.68925278,2654,1,904.43,120.97,28.577,0.075,0,1143.6,121.0,,17Am05,,
250.85789583,44.62638333,2654,1,1470.81,1346.98,28.591,0.076,0,577.2,1347.0,,17Am05,,
250.78224167,44.56617222,2654,1,409.99,2536.1,28.602,0.077,0,1638.0,2536.1,,17Am05,,
250.80402083,44.4842,2654,1,707.2,4129.34,28.602,0.077,-1,1340.8,4129.3,,17Am05,,
250.81318333,44.65699167,2654,1,850.39,755.05,28.608,0.077,0,1197.6,755.0,,17Am05,,
250.78110417,44.54181944,2654,1,391.95,3011.02,28.615,0.078,0,1656.1,3011.0,,17Am05,,
250.849675,44.57952222,2654,1,1351.16,2265.14,28.626,0.078,0,696.8,2265.1,,17Am05,,
250.8470875,44.68646389,2654,1,1327.19,170.06,28.633,0.078,0,720.8,170.1,,17Am05,,
250.79749167,44.62380278,2654,1,628.0,1407.91,28.661,0.08,1,1420.0,1407.9,,17Am05,,
250.89222083,44.64799167,2654,1,1952.95,916.7,28.666,0.08,0,95.1,916.7,,17Am05,,
250.89856667,44.53841944,2654,1,2030.74,3059.39,28.667,0.081,-1,17.3,3059.4,,17Am05,,
250.77765417,44.61766944,2654,1,351.15,1530.97,28.675,0.081,0,1696.8,1531.0,,17Am05,,
250.83320417,44.51275278,2654,1,1115.87,3569.92,28.676,0.082,0,932.1,3569.9,,17Am05,,
250.86728333,44.52851944,2654,1,1593.01,3257.62,28.709,0.084,0,455.0,3257.6,,17Am05,,
250.8077625,44.60203611,2654,1,768.82,1831.99,28.711,0.084,0,1279.2,1832.0,,17Am05,,
250.769725,44.51954444,2654,1,232.05,3446.24,28.716,0.085,1,1815.9,3446.2,,17Am05,,
250.75297917,44.57658333,2654,1,3.82,2337.07,28.721,0.085,1,2044.2,2337.1,,17Am05,,
250.806575,44.50538611,2654,1,743.94,3716.91,28.723,0.085,0,1304.1,3716.9,,17Am05,,
250.80605417,44.48337222,2654,1,735.33,4145.17,28.729,0.086,-1,1312.7,4145.2,,17Am05,,
250.81914167,44.58705,2654,1,926.14,2123.04,28.74,0.086,-1,1121.9,2123.0,,17Am05,,
250.89879583,44.61348056,2654,1,2041.09,1591.98,28.743,0.085,0,6.9,1592.0,,17Am05,,
250.88170417,44.52468333,2654,1,1794.35,3330.07,28.768,0.088,0,253.7,3330.1,,17Am05,,
250.86484167,44.55671389,2654,1,1560.88,2708.02,28.772,0.088,0,487.1,2708.0,,17Am05,,
250.83730417,44.68516389,2654,1,1190.49,197.43,28.776,0.088,-1,857.5,197.4,,17Am05,,
250.87557083,44.57818611,2654,1,1712.81,2286.76,28.79,0.089,1,335.2,2286.8,,17Am05,,
250.82845,44.55675833,2654,1,1052.92,2712.96,28.812,0.091,0,995.1,2713.0,,17Am05,,
250.85216667,44.50381111,2654,1,1379.92,3741.29,28.831,0.093,-1,668.1,3741.3,,17Am05,,
250.89375,44.58526389,2654,1,1967.5,2145.08,28.834,0.092,1,80.5,2145.1,,17Am05,,
250.86787083,44.47066389,2654,1,1597.49,4384.04,28.839,0.093,0,450.5,4384.0,,17Am05,,
250.83670417,44.49166111,2654,1,1163.31,3979.96,28.861,0.095,0,884.7,3980.0,,17Am05,,
250.77862917,44.62085,2654,1,365.18,1468.64,28.866,0.095,0,1682.8,1468.6,,17Am05,,
250.84399583,44.60168056,2654,1,1274.01,1832.93,28.883,0.096,0,774.0,1832.9,,17Am05,,
250.780875,44.68506111,2654,1,404.04,209.78,28.899,0.097,1,1644.0,209.8,,17Am05,,
250.77124167,44.57087222,2654,1,257.17,2445.99,28.907,0.098,0,1790.8,2446.0,,17Am05,,
250.88622917,44.47361944,2654,1,1854.32,4323.88,28.922,0.1,1,193.7,4323.9,,17Am05,,
250.80805833,44.66284167,2654,1,779.89,641.12,28.931,0.099,-1,1268.1,641.1,,17Am05,,
250.88123333,44.57739167,2654,1,1791.78,2301.33,28.933,0.1,1,256.2,2301.3,,17Am05,,
250.88881667,44.57648056,2654,1,1897.9,2317.83,28.942,0.101,1,150.1,2317.8,,17Am05,,
250.89095,44.579475,2654,1,1927.98,2258.88,28.97,0.103,1,120.0,2258.9,,17Am05,,
250.8969875,44.57844722,2654,1,2012.34,2277.98,29.012,0.106,1,35.7,2278.0,,17Am05,,
250.88810417,44.54348056,2654,1,1884.76,2962.39,29.054,0.11,1,163.2,2962.4,,17Am05,,
250.88159167,44.46758333,2654,1,1789.08,4442.05,29.07,0.112,0,258.9,4442.0,,17Am05,,
250.8921375,44.58037222,2654,1,1944.49,2241.12,29.079,0.112,1,103.5,2241.1,,17Am05,,
250.89368333,44.57132778,2654,1,1965.44,2417.68,29.097,0.114,1,82.6,2417.7,,17Am05,,
250.89335833,44.57135833,2654,1,1960.86,2417.06,29.113,0.115,1,87.1,2417.1,,17Am05,,
250.89366667,44.57103611,2654,1,1965.03,2423.34,29.119,0.116,1,83.0,2423.3,,17Am05,,
250.88969583,44.57506111,2654,1,1909.99,2345.44,29.144,0.118,1,138.0,2345.4,,17Am05,,
250.88947083,44.575725,2654,1,1906.61,2332.52,29.163,0.12,1,141.4,2332.5,,17Am05,,
250.84339167,44.64950833,2654,1,1270.96,896.29,29.17,0.12,-1,777.0,896.3,,17Am05,,
250.8894875,44.57604722,2654,1,1907.03,2326.21,29.175,0.121,1,141.0,2326.2,,17Am05,,
250.88985833,44.57793889,2654,1,1912.55,2289.1,29.175,0.121,1,135.4,2289.1,,17Am05,,
250.89012083,44.57795,2654,1,1916.37,2288.81,29.178,0.122,1,131.6,2288.8,,17Am05,,
250.81155417,44.55081944,2654,1,817.01,2831.26,29.182,0.123,0,1231.0,2831.3,,17Am05,,
250.89376667,44.58636667,2654,1,1967.99,2123.6,29.198,0.123,1,80.0,2123.6,,17Am05,,
250.89679167,44.575525,2654,1,2009.39,2335.0,29.2,0.124,1,38.6,2335.0,,17Am05,,
250.78872083,44.64949722,2654,1,508.79,906.18,29.203,0.124,-1,1539.2,906.2,,17Am05,,
250.85165833,44.61366667,2654,1,1382.43,1597.09,29.281,0.132,-2,665.6,1597.1,,17Am05,,
250.89381667,44.58660556,2654,1,1968.78,2118.92,29.283,0.132,1,79.2,2118.9,,17Am05,,
250.8612,44.57217778,2654,1,1511.47,2406.64,29.288,0.133,-2,536.5,2406.6,,17Am05,,
250.89327917,44.58251389,2654,1,1960.74,2199.04,29.302,0.134,1,87.3,2199.0,,17Am05,,
250.87609167,44.69007778,2654,1,1733.04,93.06,29.323,0.136,1,315.0,93.1,,17Am05,,
250.867025,44.59278611,2654,1,1594.72,2002.87,29.373,0.142,0,453.3,2002.9,,17Am05,,
250.8851875,44.47577778,2654,1,1839.91,4282.03,29.43,0.15,0,208.1,4282.0,,17Am05,,
250.61752917,44.54191389,2654,2,239.57,3024.14,20.644,0.001,-1,3926.4,3024.1,,17Am05,,
250.747575,44.4968,2654,2,2039.49,3888.75,20.971,0.001,-9,2126.5,3888.8,,17Am05,,
250.74607917,44.60788611,2654,2,2027.39,1724.97,21.705,0.002,-1,2138.6,1725.0,,17Am05,,
250.71080833,44.46982222,2654,2,1527.23,4416.26,22.197,0.002,-1,2638.8,4416.3,,17Am05,,
250.7194,44.53355833,2654,2,1650.75,3177.11,22.475,0.002,-1,2515.2,3177.1,,17Am05,,
250.60589167,44.47866667,2654,2,74.07,4252.87,22.75,0.003,-1,4091.9,4252.9,,17Am05,,
250.69570417,44.48269167,2654,2,1318.32,4167.87,22.802,0.003,0,2847.7,4167.9,,17Am05,,
250.7379875,44.48071111,2654,2,1905.31,4202.2,22.938,0.003,-1,2260.7,4202.2,,17Am05,,
250.66463333,44.52916667,2654,2,890.75,3267.98,23.216,0.003,-1,3275.2,3268.0,,17Am05,,
250.63919167,44.56864444,2654,2,541.61,2502.29,23.539,0.004,-1,3624.4,2502.3,,17Am05,,
250.63322083,44.57855,2654,2,459.64,2309.87,23.807,0.004,-1,3706.4,2309.9,,17Am05,,
250.65599167,44.471875,2654,2,767.35,4381.0,24.136,0.005,-1,3398.6,4381.0,,17Am05,,
250.60095833,44.58936944,2654,2,14.18,2101.85,24.391,0.006,-1,4151.8,2101.9,,17Am05,,
250.7153,44.48071111,2654,2,1590.41,4204.4,24.441,0.006,-1,2575.6,4204.4,,17Am05,,
250.664975,44.52918056,2654,2,895.3,3267.67,24.496,0.006,1,3270.7,3267.7,,17Am05,,
250.62485417,44.56686944,2654,2,342.92,2538.02,24.542,0.006,-1,3823.1,2538.0,,17Am05,,
250.64852083,44.50875556,2654,2,666.0,3665.96,24.589,0.006,-1,3500.0,3666.0,,17Am05,,
250.60014583,44.68135556,2654,2,12.54,304.9,24.6,0.006,-1,4153.5,304.9,,17Am05,,
250.66197917,44.49335833,2654,2,851.57,3963.69,24.69,0.007,-1,3314.4,3963.7,,17Am05,,
250.628775,44.67949167,2654,2,408.55,338.55,24.82,0.007,0,3757.4,338.5,,17Am05,,
250.63245417,44.50962222,2654,2,443.62,3650.34,24.842,0.007,0,3722.4,3650.3,,17Am05,,
250.67638333,44.47649722,2654,2,1050.09,4289.78,24.857,0.007,0,3115.9,4289.8,,17Am05,,
250.66900833,44.64121667,2654,2,961.37,1083.2,24.87,0.007,0,3204.6,1083.2,,17Am05,,
250.65637917,44.46710833,2654,2,772.38,4473.43,24.88,0.007,0,3393.6,4473.4,,17Am05,,
250.71710417,44.47056389,2654,2,1614.88,4401.25,24.921,0.007,0,2551.1,4401.2,,17Am05,,
250.67493333,44.52799167,2654,2,1033.4,3289.95,24.954,0.007,0,3132.6,3289.9,,17Am05,,
250.64362083,44.50139444,2654,2,597.77,3809.26,25.078,0.008,-1,3568.2,3809.3,,17Am05,,
250.66671667,44.68128889,2654,2,934.01,298.96,25.104,0.008,0,3232.0,299.0,,17Am05,,
250.63116667,44.61911389,2654,2,435.04,1519.02,25.115,0.008,-1,3731.0,1519.0,,17Am05,,
250.70078333,44.53336389,2654,2,1392.18,3182.91,25.12,0.008,-1,2773.8,3182.9,,17Am05,,
250.62841667,44.54018333,2654,2,389.91,3056.97,25.137,0.008,0,3776.1,3057.0,,17Am05,,
250.706625,44.54751389,2654,2,1474.37,2906.97,25.199,0.008,0,2691.6,2907.0,,17Am05,,
250.68867083,44.69211389,2654,2,1239.85,83.87,25.205,0.008,0,2926.1,83.9,,17Am05,,
250.66095417,44.62393333,2654,2,847.91,1421.97,25.222,0.009,0,3318.1,1422.0,,17Am05,,
250.69441667,44.47156111,2654,2,1299.87,4383.94,25.235,0.009,0,2866.1,4383.9,,17Am05,,
250.61397917,44.563425,2654,2,192.17,2606.03,25.241,0.009,0,3973.8,2606.0,,17Am05,,
250.61798333,44.58835556,2654,2,249.91,2120.21,25.258,0.009,0,3916.1,2120.2,,17Am05,,
250.65257083,44.48970833,2654,2,721.13,4035.35,25.287,0.009,0,3444.9,4035.4,,17Am05,,
250.67197083,44.66156667,2654,2,1004.85,684.7,25.292,0.009,0,3161.1,684.7,,17Am05,,
250.60768333,44.54256389,2654,2,103.55,3012.23,25.314,0.009,-1,4062.4,3012.2,,17Am05,,
250.73004583,44.62160556,2654,2,1806.0,1459.12,25.315,0.009,0,2360.0,1459.1,,17Am05,,
250.6841625,44.60643611,2654,2,1168.04,1760.99,25.326,0.009,-1,2998.0,1761.0,,17Am05,,
250.67609167,44.47634167,2654,2,1046.29,4292.81,25.351,0.009,0,3119.7,4292.8,,17Am05,,
250.66533333,44.50440556,2654,2,898.85,3748.93,25.361,0.009,0,3267.1,3748.9,,17Am05,,
250.63751667,44.5282,2654,2,514.93,3289.16,25.374,0.009,0,3651.1,3289.2,,17Am05,,
250.723925,44.60603611,2654,2,1719.49,1763.97,25.375,0.009,0,2446.5,1764.0,,17Am05,,
250.68989167,44.52445833,2654,2,1240.71,3357.14,25.38,0.009,0,2925.3,3357.1,,17Am05,,
250.62594583,44.49826389,2654,2,352.84,3871.34,25.388,0.009,0,3813.2,3871.3,,17Am05,,
250.6064625,44.68560833,2654,2,100.33,220.97,25.402,0.009,0,4065.7,221.0,,17Am05,,
250.63990833,44.60796111,2654,2,554.99,1735.93,25.417,0.009,0,3611.0,1735.9,,17Am05,,
250.7071125,44.64353333,2654,2,1490.12,1033.21,25.432,0.009,-1,2675.9,1033.2,,17Am05,,
250.67347083,44.54249167,2654,2,1014.05,3008.11,25.473,0.01,0,3151.9,3008.1,,17Am05,,
250.66705833,44.68143333,2654,2,938.95,296.13,25.497,0.01,0,3227.1,296.1,,17Am05,,
250.62102917,44.66086389,2654,2,299.08,704.02,25.504,0.01,0,3866.9,704.0,,17Am05,,
250.601125,44.53735556,2654,2,12.07,3113.92,25.543,0.01,0,4153.9,3113.9,,17Am05,,
250.60374167,44.66836667,2654,2,60.99,558.84,25.564,0.01,0,4105.0,558.8,,17Am05,,
250.67563333,44.53935278,2654,2,1044.1,3068.84,25.568,0.01,0,3121.9,3068.8,,17Am05,,
250.6005375,44.68359722,2654,2,18.09,260.88,25.568,0.01,0,4147.9,260.9,,17Am05,,
250.66256667,44.58306389,2654,2,866.37,2219.13,25.57,0.01,0,3299.6,2219.1,,17Am05,,
250.69252917,44.60087778,2654,2,1283.43,1868.52,25.588,0.01,0,2882.6,1868.5,,17Am05,,
250.66850417,44.511275,2654,2,943.23,3615.31,25.591,0.01,0,3222.8,3615.3,,17Am05,,
250.62561667,44.499175,2654,2,348.36,3853.74,25.621,0.011,0,3817.6,3853.7,,17Am05,,
250.67177917,44.50084167,2654,2,987.97,3817.75,25.629,0.011,0,3178.0,3817.8,,17Am05,,
250.60537083,44.565025,2654,2,73.26,2575.61,25.632,0.011,0,4092.7,2575.6,,17Am05,,
250.68015833,44.497075,2654,2,1103.62,3890.11,25.64,0.011,0,3062.4,3890.1,,17Am05,,
250.61865417,44.49011667,2654,2,251.34,4029.95,25.669,0.011,0,3914.7,4029.9,,17Am05,,
250.685725,44.51563333,2654,2,1182.13,3529.07,25.701,0.011,-1,2983.9,3529.1,,17Am05,,
250.72514583,44.63375556,2654,2,1739.35,1222.18,25.709,0.011,0,2426.6,1222.2,,17Am05,,
250.6712875,44.67851944,2654,2,997.31,352.66,25.719,0.011,-1,3168.7,352.7,,17Am05,,
250.7368,44.56413611,2654,2,1894.4,2579.77,25.723,0.011,0,2271.6,2579.8,,17Am05,,
250.74177917,44.65671944,2654,2,1972.94,770.3,25.746,0.011,0,2193.1,770.3,,17Am05,,
250.73494583,44.51449167,2654,2,1865.26,3546.22,25.774,0.011,0,2300.7,3546.2,,17Am05,,
250.63335,44.63564167,2654,2,466.96,1196.08,25.792,0.012,0,3699.0,1196.1,,17Am05,,
250.65094583,44.65748611,2654,2,712.91,766.9,25.804,0.012,0,3453.1,766.9,,17Am05,,
250.61811667,44.54492222,2654,2,247.74,2965.64,25.804,0.012,-1,3918.3,2965.6,,17Am05,,
250.70389167,44.48736111,2654,2,1432.3,4076.55,25.823,0.012,-1,2733.7,4076.6,,17Am05,,
250.73758333,44.53505556,2654,2,1903.13,3145.91,25.828,0.012,0,2262.9,3145.9,,17Am05,,
250.65413333,44.60591667,2654,2,751.91,1774.38,25.839,0.012,0,3414.1,1774.4,,17Am05,,
250.70437917,44.53630556,2654,2,1442.43,3125.28,25.868,0.012,0,2723.6,3125.3,,17Am05,,
250.65626667,44.57942778,2654,2,779.0,2290.73,25.874,0.012,0,3387.0,2290.7,,17Am05,,
250.74594583,44.60403611,2654,2,2025.49,1800.2,25.885,0.012,-1,2140.5,1800.2,,17Am05,,
250.72872917,44.678425,2654,2,1794.07,346.81,25.929,0.012,0,2371.9,346.8,,17Am05,,
250.72282083,44.52136389,2654,2,1697.28,3413.92,25.933,0.013,0,2468.7,3413.9,,17Am05,,
250.7456375,44.475075,2654,2,2011.29,4310.95,25.935,0.013,0,2154.7,4311.0,,17Am05,,
250.71458333,44.55158056,2654,2,1585.01,2826.94,25.937,0.013,0,2581.0,2826.9,,17Am05,,
250.66407917,44.52705833,2654,2,883.03,3309.05,25.944,0.013,0,3283.0,3309.1,,17Am05,,
250.73439167,44.53558611,2654,2,1858.77,3136.07,25.945,0.013,0,2307.2,3136.1,,17Am05,,
250.609325,44.59496944,2654,2,130.69,1992.01,25.965,0.013,0,4035.3,1992.0,,17Am05,,
250.69938333,44.52141389,2654,2,1371.99,3415.38,25.971,0.013,-1,2794.0,3415.4,,17Am05,,
250.60332083,44.52243611,2654,2,41.55,3403.76,25.971,0.013,0,4124.5,3403.8,,17Am05,,
250.70095833,44.49811111,2654,2,1392.41,3867.99,25.98,0.013,0,2773.6,3868.0,,17Am05,,
250.63961667,44.5056,2654,2,542.82,3727.95,26.016,0.013,0,3623.2,3727.9,,17Am05,,
250.60439583,44.50342778,2654,2,54.92,3772.65,26.033,0.013,0,4111.1,3772.6,,17Am05,,
250.60327083,44.51979167,2654,2,40.6,3454.97,26.039,0.013,0,4125.4,3455.0,,17Am05,,
250.6317875,44.69052222,2654,2,451.43,121.97,26.039,0.013,0,3714.6,122.0,,17Am05,,
250.617775,44.60890556,2654,2,248.79,1719.49,26.04,0.013,0,3917.2,1719.5,,17Am05,,
250.69578333,44.65220556,2654,2,1333.76,865.08,26.048,0.013,0,2832.2,865.1,,17Am05,,
250.6355625,44.55310278,2654,2,490.01,2805.14,26.068,0.014,0,3676.0,2805.1,,17Am05,,
250.66647083,44.68135,2654,2,930.99,297.78,26.07,0.013,0,3235.0,297.8,,17Am05,,
250.7066875,44.644675,2654,2,1484.17,1010.95,26.07,0.013,0,2681.8,1011.0,,17Am05,,
250.67449583,44.63819444,2654,2,1037.16,1141.68,26.071,0.013,0,3128.8,1141.7,,17Am05,,
250.64064167,44.62537222,2654,2,566.91,1395.89,26.083,0.014,0,3599.1,1395.9,,17Am05,,
250.67659583,44.51045,2654,2,1055.26,3630.63,26.087,0.014,0,3110.7,3630.6,,17Am05,,
250.65392083,44.484575,2654,2,739.35,4134.9,26.093,0.014,0,3426.6,4134.9,,17Am05,,
250.73020833,44.49052222,2654,2,1797.72,4012.59,26.104,0.014,0,2368.3,4012.6,,17Am05,,
250.63094167,44.67639444,2654,2,438.07,398.99,26.105,0.014,0,3727.9,399.0,,17Am05,,
250.60275,44.66661944,2654,2,46.81,593.15,26.129,0.014,0,4119.2,593.2,,17Am05,,
250.69759167,44.63618056,2654,2,1357.05,1178.29,26.138,0.014,0,2808.9,1178.3,,17Am05,,
250.63256667,44.69254722,2654,2,462.63,82.21,26.154,0.014,1,3703.4,82.2,,17Am05,,
250.64853333,44.51571667,2654,2,666.86,3530.77,26.161,0.014,0,3499.1,3530.8,,17Am05,,
250.7441875,44.58691111,2654,2,1999.23,2134.79,26.167,0.014,0,2166.8,2134.8,,17Am05,,
250.69187917,44.65921389,2654,2,1280.73,728.29,26.168,0.014,0,2885.3,728.3,,17Am05,,
250.61795417,44.58801111,2654,2,249.12,2126.89,26.178,0.014,0,3916.9,2126.9,,17Am05,,
250.62732917,44.68188889,2654,2,388.77,291.71,26.179,0.014,0,3777.2,291.7,,17Am05,,
250.65493333,44.60050278,2654,2,762.38,1879.8,26.198,0.015,-1,3403.6,1879.8,,17Am05,,
250.63214583,44.62489167,2654,2,449.23,1406.17,26.202,0.015,0,3716.8,1406.2,,17Am05,,
250.7467625,44.55451944,2654,2,2032.15,2765.97,26.22,0.015,0,2133.9,2766.0,,17Am05,,
250.67091667,44.518525,2654,2,977.06,3474.26,26.221,0.015,0,3188.9,3474.3,,17Am05,,
250.637225,44.63528611,2654,2,520.63,1202.55,26.233,0.015,0,3645.4,1202.6,,17Am05,,
250.67099583,44.66118889,2654,2,991.17,692.18,26.243,0.015,0,3174.8,692.2,,17Am05,,
250.67638333,44.63895,2654,2,1063.37,1126.73,26.247,0.015,0,3102.6,1126.7,,17Am05,,
250.65286667,44.50063889,2654,2,725.62,3823.19,26.248,0.015,0,3440.4,3823.2,,17Am05,,
250.70680417,44.4878,2654,2,1472.9,4067.74,26.261,0.015,0,2693.1,4067.7,,17Am05,,
250.7437,44.58695278,2654,2,1992.4,2133.97,26.268,0.015,0,2173.6,2134.0,,17Am05,,
250.6939125,44.47095833,2654,2,1293.01,4395.65,26.275,0.015,0,2873.0,4395.6,,17Am05,,
250.637075,44.52778611,2654,2,508.85,3297.22,26.276,0.015,0,3657.1,3297.2,,17Am05,,
250.6418125,44.5832,2654,2,579.19,2218.58,26.294,0.015,0,3586.8,2218.6,,17Am05,,
250.728175,44.55226667,2654,2,1773.93,2812.06,26.304,0.016,0,2392.1,2812.1,,17Am05,,
250.69049583,44.53377222,2654,2,1249.73,3175.97,26.305,0.016,0,2916.3,3176.0,,17Am05,,
250.69017083,44.52165278,2654,2,1244.3,3411.7,26.313,0.016,0,2921.7,3411.7,,17Am05,,
250.63562917,44.50389444,2654,2,487.1,3761.33,26.327,0.016,0,3678.9,3761.3,,17Am05,,
250.69677917,44.61806389,2654,2,1344.21,1532.39,26.329,0.016,0,2821.8,1532.4,,17Am05,,
250.6915375,44.55026944,2654,2,1265.4,2854.92,26.335,0.016,-1,2900.6,2854.9,,17Am05,,
250.69518333,44.64057778,2654,2,1324.17,1092.57,26.338,0.016,0,2841.8,1092.6,,17Am05,,
250.71803333,44.64222778,2654,2,1641.64,1057.49,26.355,0.016,0,2524.4,1057.5,,17Am05,,
250.73482917,44.6903,2654,2,1880.14,112.95,26.364,0.016,0,2285.9,112.9,,17Am05,,
250.6786625,44.65021389,2654,2,1096.38,906.13,26.365,0.016,0,3069.6,906.1,,17Am05,,
250.62151667,44.62658889,2654,2,302.31,1374.0,26.369,0.016,0,3863.7,1374.0,,17Am05,,
250.67221667,44.65900278,2654,2,1007.97,734.96,26.371,0.016,0,3158.0,735.0,,17Am05,,
250.67083333,44.66102778,2654,2,988.88,695.37,26.373,0.016,0,3177.1,695.4,,17Am05,,
250.71967917,44.48076944,2654,2,1651.09,4202.96,26.376,0.016,0,2514.9,4203.0,,17Am05,,
250.6630375,44.51932778,2654,2,868.08,3459.36,26.387,0.016,0,3297.9,3459.4,,17Am05,,
250.65162917,44.51884167,2654,2,709.85,3469.79,26.397,0.016,0,3456.1,3469.8,,17Am05,,
250.680275,44.6874,2654,2,1122.97,177.39,26.398,0.016,0,3043.0,177.4,,17Am05,,
250.6508125,44.65953056,2654,2,711.24,726.97,26.4,0.016,0,3454.8,727.0,,17Am05,,
250.61796667,44.49049167,2654,2,241.91,4022.81,26.404,0.017,0,3924.1,4022.8,,17Am05,,
250.62285,44.51642778,2654,2,311.37,3519.03,26.405,0.017,0,3854.6,3519.0,,17Am05,,
250.657275,44.57841667,2654,2,792.92,2310.28,26.415,0.017,0,3373.1,2310.3,,17Am05,,
250.67752083,44.52398333,2654,2,1069.09,3367.58,26.427,0.017,0,3096.9,3367.6,,17Am05,,
250.65341667,44.46549167,2654,2,731.4,4505.0,26.432,0.017,0,3434.6,4505.0,,17Am05,,
250.74319583,44.58691111,2654,2,1985.56,2134.93,26.442,0.017,0,2180.4,2134.9,,17Am05,,
250.6316875,44.60382778,2654,2,440.76,1817.32,26.446,0.017,0,3725.2,1817.3,,17Am05,,
250.72104583,44.67979722,2654,2,1687.63,321.09,26.446,0.017,0,2478.4,321.1,,17Am05,,
250.70558333,44.51809444,2654,2,1457.79,3479.29,26.447,0.017,0,2708.2,3479.3,,17Am05,,
250.64405833,44.54563889,2654,2,607.05,2949.51,26.481,0.017,0,3558.9,2949.5,,17Am05,,
250.61959583,44.63139722,2654,2,276.33,1280.24,26.49,0.017,-1,3889.7,1280.2,,17Am05,,
250.6113625,44.54783333,2654,2,154.61,2909.56,26.491,0.017,0,4011.4,2909.6,,17Am05,,
250.6373875,44.63501667,2654,2,522.87,1207.78,26.492,0.017,0,3643.1,1207.8,,17Am05,,
250.7459,44.47518611,2654,2,2014.71,4308.71,26.515,0.018,0,2151.3,4308.7,,17Am05,,
250.61310417,44.59623333,2654,2,182.97,1967.06,26.53,0.018,0,3983.0,1967.1,,17Am05,,
250.67145,44.66158056,2654,2,997.65,684.49,26.532,0.018,0,3168.4,684.5,,17Am05,,
250.65057083,44.57030833,2654,2,699.13,2468.89,26.532,0.018,0,3466.9,2468.9,,17Am05,,
250.7062,44.52571944,2654,2,1467.05,3330.97,26.534,0.018,0,2698.9,3331.0,,17Am05,,
250.62905417,44.47116667,2654,2,394.23,4396.71,26.547,0.018,0,3771.8,4396.7,,17Am05,,
250.63274583,44.50905833,2654,2,447.74,3661.29,26.569,0.018,0,3718.3,3661.3,,17Am05,,
250.70320833,44.67291667,2654,2,1439.2,458.41,26.574,0.018,-1,2726.8,458.4,,17Am05,,
250.68465,44.52376667,2654,2,1167.93,3371.07,26.574,0.018,0,2998.1,3371.1,,17Am05,,
250.73842917,44.67863333,2654,2,1928.82,341.29,26.584,0.018,-1,2237.2,341.3,,17Am05,,
250.70650833,44.53286111,2654,2,1471.74,3192.07,26.589,0.018,0,2694.3,3192.1,,17Am05,,
250.7088375,44.46868056,2654,2,1499.86,4438.58,26.589,0.018,0,2666.1,4438.6,,17Am05,,
250.60099167,44.49192222,2654,2,7.28,3996.08,26.593,0.019,0,4158.7,3996.1,,17Am05,,
250.61840833,44.61928333,2654,2,258.49,1516.92,26.615,0.019,0,3907.5,1516.9,,17Am05,,
250.721225,44.61625556,2654,2,1683.32,1564.77,26.627,0.019,0,2482.7,1564.8,,17Am05,,
250.65992917,44.52100556,2654,2,825.05,3426.98,26.633,0.019,0,3340.9,3427.0,,17Am05,,
250.6763,44.68097222,2654,2,1066.9,303.99,26.634,0.019,0,3099.1,304.0,,17Am05,,
250.61350833,44.50205833,2654,2,181.07,3798.66,26.653,0.019,-1,3984.9,3798.7,,17Am05,,
250.65117083,44.65600556,2654,2,715.78,795.94,26.671,0.019,0,3450.2,795.9,,17Am05,,
250.69072083,44.60816944,2654,2,1259.12,1726.43,26.673,0.019,0,2906.9,1726.4,,17Am05,,
250.70642917,44.52561944,2654,2,1470.07,3332.92,26.675,0.019,0,2695.9,3332.9,,17Am05,,
250.60362917,44.66508333,2654,2,58.74,623.22,26.678,0.019,0,4107.3,623.2,,17Am05,,
250.7192375,44.66700833,2654,2,1661.09,571.97,26.679,0.019,0,2504.9,572.0,,17Am05,,
250.60359583,44.5198,2654,2,45.13,3454.84,26.68,0.02,0,4120.9,3454.8,,17Am05,,
250.70449167,44.66435278,2654,2,1456.03,626.02,26.681,0.019,0,2710.0,626.0,,17Am05,,
250.72635,44.47503333,2654,2,1743.34,4313.53,26.684,0.02,0,2422.7,4313.5,,17Am05,,
250.61865417,44.61923056,2654,2,261.89,1517.96,26.688,0.02,0,3904.1,1518.0,,17Am05,,
250.65185417,44.50016389,2654,2,711.58,3832.5,26.69,0.02,0,3454.4,3832.5,,17Am05,,
250.66834167,44.51209167,2654,2,941.02,3599.43,26.697,0.02,0,3225.0,3599.4,,17Am05,,
250.61765833,44.53208333,2654,2,240.7,3215.23,26.699,0.02,0,3925.3,3215.2,,17Am05,,
250.73854167,44.47881944,2654,2,1912.79,4238.91,26.7,0.02,0,2253.2,4238.9,,17Am05,,
250.64317917,44.46273333,2654,2,589.33,4559.16,26.701,0.02,0,3576.7,4559.2,,17Am05,,
250.62083333,44.65621667,2654,2,295.93,795.0,26.703,0.02,0,3870.1,795.0,,17Am05,,
250.63510833,44.58155,2654,2,486.0,2251.27,26.707,0.02,0,3680.0,2251.3,,17Am05,,
250.74355417,44.47380278,2654,2,1982.37,4335.79,26.708,0.02,0,2183.6,4335.8,,17Am05,,
250.60734167,44.65607778,2654,2,109.17,799.07,26.712,0.02,0,4056.8,799.1,,17Am05,,
250.7192375,44.66682222,2654,2,1661.07,575.63,26.715,0.02,0,2504.9,575.6,,17Am05,,
250.67410417,44.65711667,2654,2,1033.89,771.54,26.716,0.02,1,3132.1,771.5,,17Am05,,
250.71967917,44.64992222,2654,2,1665.23,906.59,26.717,0.02,-1,2500.8,906.6,,17Am05,,
250.7289375,44.532375,2654,2,1783.04,3199.19,26.721,0.02,0,2383.0,3199.2,,17Am05,,
250.69974167,44.64481667,2654,2,1387.91,1009.0,26.725,0.02,0,2778.1,1009.0,,17Am05,,
250.62819167,44.56748611,2654,2,389.1,2525.81,26.734,0.02,0,3776.9,2525.8,,17Am05,,
250.65421667,44.57465278,2654,2,750.21,2383.88,26.749,0.02,0,3415.8,2383.9,,17Am05,,
250.6966,44.61833333,2654,2,1341.58,1527.26,26.775,0.021,0,2824.4,1527.3,,17Am05,,
250.7251625,44.67764722,2654,2,1744.66,362.57,26.776,0.021,1,2421.3,362.6,,17Am05,,
250.61383333,44.67321944,2654,2,201.0,462.88,26.777,0.021,0,3965.0,462.9,,17Am05,,
250.65187083,44.503625,2654,2,712.19,3765.35,26.777,0.021,0,3453.8,3765.4,,17Am05,,
250.68364167,44.55353333,2654,2,1156.18,2792.25,26.787,0.021,0,3009.8,2792.2,,17Am05,,
250.63995833,44.64778611,2654,2,559.76,958.03,26.788,0.021,0,3606.2,958.0,,17Am05,,
250.72835417,44.5524,2654,2,1776.6,2809.35,26.81,0.021,0,2389.4,2809.4,,17Am05,,
250.71466667,44.59781667,2654,2,1590.15,1925.59,26.816,0.021,0,2575.9,1925.6,,17Am05,,
250.6104,44.53933611,2654,2,140.71,3074.87,26.816,0.021,0,4025.3,3074.9,,17Am05,,
250.64249583,44.46516389,2654,2,580.0,4512.09,26.82,0.021,0,3586.0,4512.1,,17Am05,,
250.6587875,44.60536389,2654,2,816.19,1784.71,26.825,0.021,0,3349.8,1784.7,,17Am05,,
250.6626625,44.46044722,2654,2,859.08,4602.11,26.834,0.022,0,3306.9,4602.1,,17Am05,,
250.7123375,44.56977778,2654,2,1555.41,2472.69,26.835,0.021,0,2610.6,2472.7,,17Am05,,
250.60009583,44.59864167,2654,2,3.31,1921.23,26.835,0.022,0,4162.7,1921.2,,17Am05,,
250.68740417,44.67843889,2654,2,1220.79,352.29,26.836,0.021,0,2945.2,352.3,,17Am05,,
250.63870417,44.68528333,2654,2,546.53,223.89,26.844,0.022,1,3619.5,223.9,,17Am05,,
250.61160417,44.52029167,2654,2,155.9,3444.81,26.846,0.022,0,4010.1,3444.8,,17Am05,,
250.70385833,44.67981667,2654,2,1449.11,322.99,26.857,0.022,0,2716.9,323.0,,17Am05,,
250.74007083,44.49162222,2654,2,1934.78,3990.14,26.865,0.022,0,2231.2,3990.1,,17Am05,,
250.73683333,44.49607778,2654,2,1890.26,3903.95,26.866,0.022,0,2275.7,3903.9,,17Am05,,
250.73590417,44.52324167,2654,2,1879.14,3376.0,26.871,0.022,0,2286.9,3376.0,,17Am05,,
250.6063625,44.5169,2654,2,83.09,3510.96,26.871,0.022,0,4082.9,3511.0,,17Am05,,
250.73159167,44.51951389,2654,2,1818.93,3448.96,26.872,0.022,0,2347.1,3449.0,,17Am05,,
250.60833333,44.60963056,2654,2,118.08,1706.23,26.872,0.022,0,4047.9,1706.2,,17Am05,,
250.68755,44.46743889,2654,2,1204.52,4464.51,26.872,0.022,0,2961.5,4464.5,,17Am05,,
250.68678333,44.55758611,2654,2,1200.07,2713.02,26.879,0.022,0,2965.9,2713.0,,17Am05,,
250.68242083,44.53771667,2654,2,1137.9,3100.03,26.89,0.022,0,3028.1,3100.0,,17Am05,,
250.6935875,44.63905833,2654,2,1302.03,1122.57,26.89,0.022,0,2864.0,1122.6,,17Am05,,
250.69453333,44.47176667,2654,2,1301.77,4379.99,26.891,0.022,0,2864.2,4380.0,,17Am05,,
250.62372917,44.53144444,2654,2,324.58,3227.14,26.893,0.022,0,3841.4,3227.1,,17Am05,,
250.6526375,44.49577222,2654,2,722.27,3917.65,26.896,0.022,0,3443.7,3917.6,,17Am05,,
250.627,44.52026944,2654,2,369.12,3444.0,26.9,0.023,0,3796.9,3444.0,,17Am05,,
250.67029583,44.56421111,2654,2,971.88,2585.68,26.91,0.023,0,3194.1,2585.7,,17Am05,,
250.6393875,44.584675,2654,2,545.65,2189.98,26.916,0.023,0,3620.4,2190.0,,17Am05,,
250.7102875,44.56808611,2654,2,1526.84,2505.85,26.927,0.023,0,2639.2,2505.9,,17Am05,,
250.69998333,44.48308611,2654,2,1377.85,4159.8,26.928,0.023,0,2788.1,4159.8,,17Am05,,
250.6145,44.59725556,2654,2,202.34,1947.05,26.937,0.023,0,3963.7,1947.1,,17Am05,,
250.72835417,44.47589722,2654,2,1771.46,4296.6,26.941,0.023,0,2394.5,4296.6,,17Am05,,
250.69443333,44.63838056,2654,2,1313.71,1135.65,26.952,0.023,0,2852.3,1135.7,,17Am05,,
250.70688333,44.53255556,2654,2,1477.02,3197.96,26.954,0.023,0,2689.0,3198.0,,17Am05,,
250.66668333,44.46776944,2654,2,915.15,4459.82,26.955,0.023,0,3250.9,4459.8,,17Am05,,
250.61699167,44.50433056,2654,2,229.24,3754.24,26.96,0.023,0,3936.8,3754.2,,17Am05,,
250.6085125,44.60216667,2654,2,120.02,1851.77,26.963,0.023,0,4046.0,1851.8,,17Am05,,
250.74383333,44.52105556,2654,2,1989.05,3417.64,26.966,0.023,0,2176.9,3417.6,,17Am05,,
250.6973625,44.69000556,2654,2,1360.11,124.03,26.966,0.023,0,2805.9,124.0,,17Am05,,
250.72530833,44.67390278,2654,2,1746.11,436.01,26.967,0.023,0,2419.9,436.0,,17Am05,,
250.7206875,44.555825,2654,2,1670.29,2743.62,26.969,0.023,0,2495.7,2743.6,,17Am05,,
250.67255833,44.483975,2654,2,997.51,4144.97,26.984,0.024,0,3168.5,4145.0,,17Am05,,
250.6323875,44.59142778,2654,2,449.44,2058.98,26.985,0.024,0,3716.6,2059.0,,17Am05,,
250.6442875,44.60614444,2654,2,615.34,1770.9,26.987,0.024,0,3550.7,1770.9,,17Am05,,
250.72804167,44.552175,2654,2,1772.03,2813.89,26.991,0.024,0,2394.0,2813.9,,17Am05,,
250.6255875,44.51412778,2654,2,349.02,3563.45,26.994,0.024,-1,3817.0,3563.4,,17Am05,,
250.60962083,44.58645278,2654,2,133.7,2157.89,26.998,0.024,0,4032.3,2157.9,,17Am05,,
250.6957375,44.68335,2654,2,1336.95,254.76,26.999,0.024,0,2829.1,254.8,,17Am05,,
250.63984167,44.50554722,2654,2,545.85,3728.99,27.008,0.024,0,3620.1,3729.0,,17Am05,,
250.61412917,44.67292222,2654,2,205.13,468.76,27.009,0.024,0,3960.9,468.8,,17Am05,,
250.72179167,44.64631944,2654,2,1694.04,976.82,27.01,0.024,0,2472.0,976.8,,17Am05,,
250.62875833,44.56703056,2654,2,397.0,2534.58,27.011,0.024,0,3769.0,2534.6,,17Am05,,
